-- init.sql
-- Demo database script generated from Excel registry: Бд_демо_обезличено(1).xlsx
-- Server alias for application .env: demoserver
-- Database name: db_proglib
-- Generated data is synthetic/demo data for diploma and agent testing.

SET NOCOUNT ON;
GO

USE [master];
GO

IF DB_ID(N'db_proglib') IS NOT NULL
BEGIN
    ALTER DATABASE [db_proglib] SET SINGLE_USER WITH ROLLBACK IMMEDIATE;
    DROP DATABASE [db_proglib];
END;
GO

CREATE DATABASE [db_proglib];
GO

USE [db_proglib];
GO

SET DATEFORMAT ymd;
GO

PRINT N'Creating table dbo.bank';
CREATE TABLE [dbo].[bank] (
    [id] int NOT NULL,
    [name] nvarchar(16) NULL,
    [full_name] nvarchar(64) NULL,
    [pay_info] nvarchar(512) NULL,
    [dsc] nvarchar(128) NULL,
    [bank_phone] nvarchar(32) NULL,
    [bank_address] nvarchar(256) NULL,
    [INN] nvarchar(16) NULL,
    [OGRN] nvarchar(16) NULL,
    [POST_ADDRESS] nvarchar(256) NULL,
    [EMAIL] nvarchar(256) NULL,
    CONSTRAINT [PK_bank] PRIMARY KEY CLUSTERED ([id])
);
GO

PRINT N'Creating table dbo.column_spec';
CREATE TABLE [dbo].[column_spec] (
    [id] int NOT NULL,
    [parent_id] int NULL,
    [name] nvarchar(64) NULL,
    [dsc] nvarchar(512) NULL,
    CONSTRAINT [PK_column_spec] PRIMARY KEY CLUSTERED ([id])
);
GO

PRINT N'Creating table dbo.debt';
CREATE TABLE [dbo].[debt] (
    [id] int NOT NULL,
    [parent_id] int NULL,
    [credit_date] datetime NULL,
    [interest_rate] money NULL,
    [start_date] datetime NULL,
    [deadline] datetime NULL,
    [debt_sum] money NULL,
    [total_sum] money NULL,
    [status] int NULL,
    [dsc] nvarchar(512) NULL,
    [contract] nvarchar(128) NULL,
    [account] nvarchar(32) NULL,
    [bank_id] int NULL,
    CONSTRAINT [PK_debt] PRIMARY KEY CLUSTERED ([id])
);
GO

PRINT N'Creating table dbo.dict';
CREATE TABLE [dbo].[dict] (
    [id] int NOT NULL,
    [parent_id] int NULL,
    [code] int NULL,
    [name] nvarchar(256) NULL,
    [typ] int NULL,
    [change_dt] datetime NULL,
    [is_close] int NULL,
    [LANG] int NULL,
    CONSTRAINT [PK_dict] PRIMARY KEY CLUSTERED ([id])
);
GO

PRINT N'Creating table dbo.dict_name';
CREATE TABLE [dbo].[dict_name] (
    [id] int NOT NULL,
    [code] int NULL,
    [name] nvarchar(64) NULL,
    [typ] int NULL,
    [NOT_USE] int NULL,
    CONSTRAINT [PK_dict_name] PRIMARY KEY CLUSTERED ([id])
);
GO

PRINT N'Creating table dbo.doc_links';
CREATE TABLE [dbo].[doc_links] (
    [id] int NOT NULL,
    [obj_id] int NULL,
    [r_id] int NULL,
    [filename] nvarchar(128) NULL,
    [filepath] nvarchar(512) NULL,
    [link_typ] int NULL,
    [r_user_id] int NULL,
    [dt] datetime NULL,
    [CHANGE_DT] datetime NULL,
    [R_CREATE_USER_ID] int NULL,
    [ACTUALITY] int NULL,
    CONSTRAINT [PK_doc_links] PRIMARY KEY CLUSTERED ([id])
);
GO

PRINT N'Creating table dbo.passport';
CREATE TABLE [dbo].[passport] (
    [id] int NOT NULL,
    [series] nvarchar(80) NULL,
    [number] nvarchar(120) NULL,
    [dt] datetime NULL,
    [place] nvarchar(512) NULL,
    [load_dt] datetime NULL,
    [end_dt] datetime NULL,
    [depart_code] nvarchar(8) NULL,
    CONSTRAINT [PK_passport] PRIMARY KEY CLUSTERED ([id])
);
GO

PRINT N'Creating table dbo.person';
CREATE TABLE [dbo].[person] (
    [id] int NOT NULL,
    [f] nvarchar(256) NULL,
    [i] nvarchar(160) NULL,
    [o] nvarchar(160) NULL,
    [birth_date] datetime NULL,
    [importance] int NULL,
    [r_passport_id] int NULL,
    [dsc] nvarchar(4000) NULL,
    [sex] nvarchar(1) NULL,
    [email] nvarchar(64) NULL,
    [typ] int NULL,
    [inn] nvarchar(16) NULL,
    [ogrn] nvarchar(16) NULL,
    [load_dt] datetime NULL,
    [birth_place] nvarchar(128) NULL,
    [SNILS] nvarchar(16) NULL,
    [DEATH_DT] datetime NULL,
    CONSTRAINT [PK_person] PRIMARY KEY CLUSTERED ([id])
);
GO

PRINT N'Creating table dbo.table_spec';
CREATE TABLE [dbo].[table_spec] (
    [id] int NOT NULL,
    [name] nvarchar(64) NULL,
    [dsc] nvarchar(512) NULL,
    CONSTRAINT [PK_table_spec] PRIMARY KEY CLUSTERED ([id])
);
GO

PRINT N'Inserting rows into dbo.bank: 10';
INSERT INTO [dbo].[bank] ([id], [name], [full_name], [pay_info], [dsc], [bank_phone], [bank_address], [INN], [OGRN], [POST_ADDRESS], [EMAIL])
VALUES
    (210, N'ФинРезерв', N'ООО МКК «Финанс-Резерв»', N'ООО МКК «Финанс-Резерв» (ОГРН: 1200000287706, ИНН: 6658012341, юридический адрес: Россия, 620014, Свердловская обл., г. Екатеринбург, ул. Радищева, д. 33, офис 406, электронная почта: info@finreserve.demo.local, тел: 8-800-700-42-10).', NULL, N'8-800-700-42-10', N'Россия, 620014, Свердловская обл., г. Екатеринбург, ул. Радищева, д. 33, офис 406', N'6658012341', N'1200000287706', N'Россия, 620014, Свердловская обл., г. Екатеринбург, ул. Радищева, д. 33, офис 406', N'info@finreserve.demo.local'),
    (209, N'КапиталПлюс', N'ООО МФК «Капитал Плюс»', N'ООО МФК «Капитал Плюс» (ОГРН: 1200000286331, ИНН: 7726012489, юридический адрес: Россия, 115280, г. Москва, ул. Ленинская Слобода, д. 19, помещ. 21, электронная почта: office@capitalplus.demo.local, тел: 8-800-550-18-09).', NULL, N'8-800-550-18-09', N'Россия, 115280, г. Москва, ул. Ленинская Слобода, д. 19, помещ. 21', N'7726012489', N'1200000286331', N'Россия, 115280, г. Москва, ул. Ленинская Слобода, д. 19, помещ. 21', N'office@capitalplus.demo.local'),
    (208, N'ВекторБанк', N'АО «Вектор Банк»', N'АО «Вектор Банк» (ОГРН: 1200000284967, ИНН: 7814013570, юридический адрес: Россия, 197022, г. Санкт-Петербург, Аптекарская наб., д. 20, лит. А, электронная почта: support@vectorbank.demo.local, тел: 8-800-600-71-22).', NULL, N'8-800-600-71-22', N'Россия, 197022, г. Санкт-Петербург, Аптекарская наб., д. 20, лит. А', N'7814013570', N'1200000284967', N'Россия, 197022, г. Санкт-Петербург, Аптекарская наб., д. 20, лит. А', N'support@vectorbank.demo.local'),
    (207, N'СибирьКредит', N'ООО МКК «СибирьКредит»', N'ООО МКК «СибирьКредит» (ОГРН: 1200000283592, ИНН: 5406024682, юридический адрес: Россия, 630099, Новосибирская обл., г. Новосибирск, Красный пр-т, д. 50, электронная почта: info@sibcredit.demo.local, тел: 8-800-775-64-31).', NULL, N'8-800-775-64-31', N'Россия, 630099, Новосибирская обл., г. Новосибирск, Красный пр-т, д. 50', N'5406024682', N'1200000283592', N'Россия, 630099, Новосибирская обл., г. Новосибирск, Красный пр-т, д. 50', N'info@sibcredit.demo.local'),
    (206, N'ЮгФинанс', N'ООО МКК «ЮгФинанс»', N'ООО МКК «ЮгФинанс» (ОГРН: 1200000282228, ИНН: 2310015794, юридический адрес: Россия, 350000, Краснодарский край, г. Краснодар, ул. Северная, д. 324, офис 15, электронная почта: contact@yugfinance.demo.local, тел: 8-800-707-23-45).', NULL, N'8-800-707-23-45', N'Россия, 350000, Краснодарский край, г. Краснодар, ул. Северная, д. 324, офис 15', N'2310015794', N'1200000282228', N'Россия, 350000, Краснодарский край, г. Краснодар, ул. Северная, д. 324, офис 15', N'contact@yugfinance.demo.local'),
    (205, N'УралКапитал', N'ПАО «Уральский Капитал Банк»', N'ПАО «Уральский Капитал Банк» (ОГРН: 1200000280853, ИНН: 0274018641, юридический адрес: Россия, 450077, Респ. Башкортостан, г. Уфа, ул. Коммунистическая, д. 45, электронная почта: mail@uralcapital.demo.local, тел: 8-800-500-36-72).', NULL, N'8-800-500-36-72', N'Россия, 450077, Респ. Башкортостан, г. Уфа, ул. Коммунистическая, д. 45', N'0274018641', N'1200000280853', N'Россия, 450077, Респ. Башкортостан, г. Уфа, ул. Коммунистическая, д. 45', N'mail@uralcapital.demo.local'),
    (204, N'ВолгаЗайм', N'ООО МКК «ВолгаЗайм»', N'ООО МКК «ВолгаЗайм» (ОГРН: 1200000279489, ИНН: 1655019420, юридический адрес: Россия, 420111, Респ. Татарстан, г. Казань, ул. Баумана, д. 29, офис 18, электронная почта: info@volgazaim.demo.local, тел: 8-800-301-48-66).', NULL, N'8-800-301-48-66', N'Россия, 420111, Респ. Татарстан, г. Казань, ул. Баумана, д. 29, офис 18', N'1655019420', N'1200000279489', N'Россия, 420111, Респ. Татарстан, г. Казань, ул. Баумана, д. 29, офис 18', N'info@volgazaim.demo.local'),
    (203, N'НеваФинанс', N'ООО МКК «Нева Финанс»', N'ООО МКК «Нева Финанс» (ОГРН: 1200000278114, ИНН: 7842017368, юридический адрес: Россия, 191186, г. Санкт-Петербург, Невский пр-т, д. 22-24, лит. Б, электронная почта: office@nevafin.demo.local, тел: 8-800-250-44-18).', NULL, N'8-800-250-44-18', N'Россия, 191186, г. Санкт-Петербург, Невский пр-т, д. 22-24, лит. Б', N'7842017368', N'1200000278114', N'Россия, 191186, г. Санкт-Петербург, Невский пр-т, д. 22-24, лит. Б', N'office@nevafin.demo.local'),
    (202, N'ДальКредит', N'ООО МКК «ДальКредит»', N'ООО МКК «ДальКредит» (ОГРН: 1200000276740, ИНН: 2540015291, юридический адрес: Россия, 690091, Приморский край, г. Владивосток, ул. Светланская, д. 51, электронная почта: info@dalkredit.demo.local, тел: 8-800-234-77-90).', NULL, N'8-800-234-77-90', N'Россия, 690091, Приморский край, г. Владивосток, ул. Светланская, д. 51', N'2540015291', N'1200000276740', N'Россия, 690091, Приморский край, г. Владивосток, ул. Светланская, д. 51', N'info@dalkredit.demo.local'),
    (201, N'ГородФинанс', N'ООО МКК «ГородФинанс»', N'ООО МКК «ГородФинанс» (ОГРН: 1200000275375, ИНН: 5260018030, юридический адрес: Россия, 603005, Нижегородская обл., г. Нижний Новгород, ул. Варварская, д. 32, электронная почта: help@gorodfin.demo.local, тел: 8-800-345-20-11).', NULL, N'8-800-345-20-11', N'Россия, 603005, Нижегородская обл., г. Нижний Новгород, ул. Варварская, д. 32', N'5260018030', N'1200000275375', N'Россия, 603005, Нижегородская обл., г. Нижний Новгород, ул. Варварская, д. 32', N'help@gorodfin.demo.local');
GO

PRINT N'Inserting rows into dbo.column_spec: 59';
INSERT INTO [dbo].[column_spec] ([id], [parent_id], [name], [dsc])
VALUES
    (20, 3, N'id', N'Идентификатор описателя'),
    (21, 3, N'parent_id', N'Ссылка на table_spec'),
    (22, 3, N'name', N'Название'),
    (23, 3, N'dsc', N'Комментарий'),
    (63, 8, N'id', N'Идентификатор долга'),
    (64, 8, N'parent_id', N'Ссылка на person'),
    (69, 8, N'contract', N'Номер договора с банком'),
    (70, 8, N'account', N'Лицевой счет должника'),
    (71, 8, N'credit_date', N'Дата выдачи кредита'),
    (72, 8, N'total_sum', N'Полный размер кредита'),
    (73, 8, N'debt_sum', N'Сумма, необходимая к погашению'),
    (75, 8, N'interest_rate', N'Процентная ставка по кредиту'),
    (78, 8, N'start_date', N'Дата выхода на просрочку'),
    (80, 8, N'deadline', N'Крайний срок погашения'),
    (81, 8, N'status', N'Статус'),
    (83, 8, N'dsc', N'Комментарий к долгу'),
    (108, 13, N'id', N'Идентификатор словарного термина'),
    (109, 13, N'parent_id', N'Ссылка на описатель словаря (dict_name)'),
    (110, 13, N'code', N'Код термина'),
    (111, 13, N'name', N'Название'),
    (113, 13, N'typ', N'1 - системный, 2 - общий'),
    (978, 13, N'is_close', N'Признак - термин не используется'),
    (114, 14, N'id', N'Идентификатор словаря'),
    (115, 14, N'name', N'Название'),
    (117, 14, N'typ', N'1 - системный, 2 - общий'),
    (307, 14, N'code', N'Номер словаря'),
    (123, 16, N'id', N'Идентификатор пути к вложению'),
    (124, 16, N'r_id', N'Ссылка на запись'),
    (125, 16, N'filename', N'Имя вложения'),
    (126, 16, N'filepath', N'Путь к вложению на диске'),
    (312, 16, N'obj_id', N'Ссылка obj'),
    (2175, 16, N'actuality', N'Актуальность'),
    (197, 27, N'id', N'Идентификатор паспорта'),
    (198, 27, N'series', N'Серия'),
    (199, 27, N'number', N'Номер'),
    (200, 27, N'dt', N'Дата выдачи'),
    (201, 27, N'place', N'Кем выдано'),
    (461, 27, N'load_dt', N'Дата загрузки паспорта'),
    (535, 27, N'depart_code', N'Код подразделения'),
    (536, 27, N'end_dt', N'Дата окончания срока действия'),
    (212, 30, N'id', N'Идентификатор персоны'),
    (213, 30, N'f', N'Фамилия/Компания'),
    (214, 30, N'i', N'Имя'),
    (215, 30, N'o', N'Отчество'),
    (216, 30, N'birth_date', N'Дата рождения персоны'),
    (217, 30, N'sex', N'Пол'),
    (219, 30, N'importance', N'Важность персоны'),
    (221, 30, N'r_passport_id', N'Ссылка на паспорт'),
    (225, 30, N'dsc', N'Комментарий к персоне'),
    (376, 30, N'email', N'Адрес электронной почты'),
    (435, 30, N'typ', N'Тип персоны'),
    (436, 30, N'inn', N'ИНН'),
    (458, 30, N'ogrn', N'ОГРН'),
    (460, 30, N'load_dt', N'Дата загрузки персоны'),
    (533, 30, N'birth_place', N'Место рождения'),
    (2224, 30, N'snils', N'СНИЛС'),
    (247, 35, N'id', N'Идентификатор описателя таблицы'),
    (248, 35, N'name', N'Название'),
    (249, 35, N'dsc', N'Комментарий');
GO

PRINT N'Inserting rows into dbo.debt: 20';
INSERT INTO [dbo].[debt] ([id], [parent_id], [credit_date], [interest_rate], [start_date], [deadline], [debt_sum], [total_sum], [status], [dsc], [contract], [account], [bank_id])
VALUES
    (4101020, 2701015, '2025-11-27T00:00:00', 290.54, '2026-01-11T00:00:00', '2026-01-18T00:00:00', 25300.00, 9950.00, 2, N'Импортировано при загрузке данных.', N'9842588978-4', N'2009000005', 210),
    (4101019, 2701014, '2025-11-27T00:00:00', 219.00, '2024-12-18T00:00:00', '2026-01-01T00:00:00', 151800.00, 67153.00, 1, N'Импортировано при загрузке данных.', N'9630006307-8', N'2009000040', 209),
    (4101018, 2701013, '2025-11-27T00:00:00', 290.54, '2026-01-11T00:00:00', '2026-02-10T00:00:00', 48100.00, 24750.00, 2, N'Импортировано при загрузке данных.', N'8252-1', N'2009000087', 208),
    (4101017, 2701012, '2025-11-27T00:00:00', 290.54, '2025-12-18T00:00:00', '2025-12-28T00:00:00', 28200.00, 15980.00, 1, N'Импортировано при загрузке данных.', N'9652860360-4', N'2009000113', 207),
    (4101016, 2701011, '2025-11-27T00:00:00', 183.00, '2025-12-18T00:00:00', '2025-12-18T00:00:00', 112100.00, 44339.00, 1, N'Импортировано при загрузке данных.', N'8676845069374', N'2009000151', 206),
    (4101015, 2701010, '2025-11-27T00:00:00', 183.00, '2026-01-11T00:00:00', '2026-01-11T00:00:00', 113900.00, 57500.00, 1, N'Импортировано при загрузке данных.', N'9934721528-5', N'2009000190', 205),
    (4101014, 2701009, '2025-11-27T00:00:00', 247.50, '2020-12-18T00:00:00', '2025-12-25T00:00:00', 119000.00, 57500.00, 1, N'Импортировано при загрузке данных.', N'9524147514', N'2009000237', 204),
    (4101013, 2701008, '2025-11-27T00:00:00', 289.08, '2026-01-11T00:00:00', '2026-01-21T00:00:00', 30000.00, 12400.00, 1, N'Импортировано при загрузке данных.', N'959', N'2009000276', 203),
    (4101012, 2701007, '2025-11-27T00:00:00', 289.08, '2021-12-28T00:00:00', '2026-01-07T00:00:00', 156000.00, 85000.00, 1, N'Импортировано при загрузке данных.', N'9202930372-4', N'2009000296', 202),
    (4101011, 2701006, '2025-11-27T00:00:00', 290.54, '2025-12-28T00:00:00', '2025-12-28T00:00:00', 234000.00, 85000.00, 1, N'Импортировано при загрузке данных.', N'9913SFS575724-1', N'2009000348', 201),
    (4101010, 2701005, '2025-11-27T00:00:00', 289.08, '2017-12-28T00:00:00', '2025-12-28T00:00:00', 84500.00, 44339.00, 1, N'Импортировано при загрузке данных.', N'9014943992-1', N'2009000375', 210),
    (4101009, 2701004, '2025-11-27T00:00:00', 219.00, '2026-01-11T00:00:00', '2026-02-10T00:00:00', 184500.00, 67153.00, 2, N'Импортировано при загрузке данных.', N'9375426126-4', N'2009000425', 209),
    (4101008, 2701003, '2025-11-27T00:00:00', 289.08, '2025-12-28T00:00:00', '2026-01-07T00:00:00', 182900.00, 85000.00, 1, N'Импортировано при загрузке данных.', N'FA9632279901', N'2009000457', 208),
    (4101007, 2701002, '2025-11-27T00:00:00', 289.08, '2016-12-28T00:00:00', '2026-01-07T00:00:00', 128300.00, 57500.00, 1, N'Импортировано при загрузке данных.', N'9259542191-3', N'2009000485', 207),
    (4101006, 2701001, '2025-11-27T00:00:00', 290.54, '2025-12-18T00:00:00', '2026-01-01T00:00:00', 21500.00, 12400.00, 1, N'Импортировано при загрузке данных.', N'9135050533-5', N'2009000523', 206),
    (4101005, 2701015, '2025-11-27T00:00:00', 247.50, '2025-12-28T00:00:00', '2026-01-27T00:00:00', 126700.00, 57500.00, 2, N'Импортировано при загрузке данных.', N'9039532755GHK547', N'2009000564', 205),
    (4101004, 2701013, '2025-11-27T00:00:00', 219.00, '2025-12-18T00:00:00', '2025-12-28T00:00:00', 141300.00, 67153.00, 1, N'Импортировано при загрузке данных.', N'9256286064-4', N'2009000605', 204),
    (4101003, 2701010, '2025-11-27T00:00:00', 247.50, '2014-01-11T00:00:00', '2026-01-21T00:00:00', 32500.00, 12400.00, 2, N'Импортировано при загрузке данных.', N'9206220402', N'2009000633', 203),
    (4101002, 2701007, '2025-11-27T00:00:00', 183.00, '2017-12-28T00:00:00', '2025-12-28T00:00:00', 94600.00, 32947.00, 1, N'Импортировано при загрузке данных.', N'9230356011-1', N'2009000681', 202),
    (4101001, 2701004, '2025-11-27T00:00:00', 290.54, '2008-01-11T00:00:00', '2026-01-25T00:00:00', 37900.00, 15980.00, 1, N'Импортировано при загрузке данных.', N'54767897897654648-1', N'2009000716', 201);
GO

PRINT N'Inserting rows into dbo.dict: 590';
INSERT INTO [dbo].[dict] ([id], [parent_id], [code], [name], [typ], [change_dt], [is_close], [LANG])
VALUES
    (1, 1, 1, N'Главное меню', 1, '2023-08-29T08:27:09.780', NULL, 1),
    (2, 1, 2, N'Роли и доступы', 1, '2023-08-29T08:27:09.780', NULL, 1),
    (3, 1, 3, N'Пользователи', 1, '2023-08-29T08:27:09.780', NULL, 1),
    (4, 1, 4, N'Настройка списка должников', 1, '2023-08-29T08:27:09.780', NULL, 1),
    (5, 1, 5, N'Лог действий операторов', 1, '2023-08-29T08:27:09.780', NULL, 1),
    (6, 1, 6, N'Сценарии сообщений', 1, '2023-08-29T08:27:09.780', NULL, 1),
    (7, 1, 7, N'Загрузка данных', 1, '2023-08-29T08:27:09.780', NULL, 1),
    (8, 1, 8, N'Список должников', 1, '2023-08-29T08:27:09.780', NULL, 1),
    (9, 1, 9, N'Карточка должника', 1, '2023-08-29T08:27:09.780', NULL, 1),
    (10, 1, 10, N'Регистрация контакта', 1, '2023-08-29T08:27:09.780', NULL, 1),
    (11, 1, 11, N'Протокол контактов', 1, '2023-08-29T08:27:09.780', NULL, 1),
    (12, 1, 12, N'Настройка дерева контактов', 1, '2023-08-29T08:27:09.780', NULL, 1),
    (13, 1, 13, N'Постановка задач', 1, '2023-08-29T08:27:09.780', NULL, 1),
    (14, 1, 14, N'Обработка должников', 1, '2023-08-29T08:27:09.780', NULL, 1),
    (15, 1, 15, N'Произвольные формулы', 1, '2023-08-29T08:27:09.780', NULL, 1),
    (16, 1, 16, N'Расписание', 1, '2023-08-29T08:27:09.780', NULL, 1),
    (17, 1, 17, N'Отчет о проделанных звонках', 1, '2023-08-29T08:27:09.780', NULL, 1),
    (18, 1, 18, N'Отчет о проделанных выездах', 1, '2023-08-29T08:27:09.780', NULL, 1),
    (19, 1, 19, N'Отчет - письмо должнику', 1, '2023-08-29T08:27:09.780', NULL, 1),
    (20, 1, 20, N'Значения констант', 1, '2023-08-29T08:27:09.780', NULL, 1),
    (21, 1, 21, N'Настройка шаблонов загрузки', 1, '2023-08-29T08:27:09.780', NULL, 1),
    (22, 1, 22, N'Отчет об оказанных услугах', 1, '2023-08-29T08:27:09.780', NULL, 1),
    (23, 1, 23, N'Отчет по операторам в EXCEL', 1, '2023-08-29T08:27:09.780', NULL, 1),
    (24, 1, 24, N'Карточка судебной работы', 1, '2023-08-29T08:27:09.780', NULL, 1),
    (25, 1, 25, N'Юридический департамент', 1, '2023-08-29T08:27:09.780', NULL, 1),
    (26, 1, 26, N'Словари', 1, '2023-08-29T08:27:09.780', NULL, 1),
    (27, 1, 27, N'Платежи', 1, '2023-08-29T08:27:09.780', NULL, 1),
    (28, 1, 28, N'Загрузка платежей', 1, '2023-08-29T08:27:09.780', NULL, 1),
    (29, 1, 29, N'Курсы валют', 1, '2023-08-29T08:27:09.780', NULL, 1),
    (30, 1, 30, N'Отчет по должникам в EXCEL', 1, '2023-08-29T08:27:09.780', NULL, 1),
    (31, 1, 31, N'Отчет по платежам (за месяцы)', 1, '2023-08-29T08:27:09.780', NULL, 1),
    (32, 1, 32, N'Графики рабочего времени', 1, '2023-08-29T08:27:09.780', NULL, 1),
    (33, 1, 33, N'Расчет комиссии', 1, '2023-08-29T08:27:09.780', NULL, 1),
    (34, 1, 34, N'Исходящее информирование', 1, '2023-08-29T08:27:09.780', NULL, 1),
    (35, 1, 35, N'Почта', 1, '2023-08-29T08:27:09.780', NULL, 1),
    (36, 1, 36, N'Отчет – выездной лист', 1, '2023-08-29T08:27:09.780', NULL, 1),
    (37, 1, 40, N'Отчет по ежедневной работе коллекторов', 1, '2023-08-29T08:27:09.780', NULL, 1),
    (38, 1, 41, N'Статистика по портфелю за период', 1, '2023-08-29T08:27:09.780', NULL, 1),
    (39, 1, 42, N'Отчет для клиентов', 1, '2023-08-29T08:27:09.780', NULL, 1),
    (40, 1, 43, N'Отчет по продажам', 1, '2023-08-29T08:27:09.780', NULL, 1),
    (41, 1, 44, N'Структура предприятия', 1, '2023-08-29T08:27:09.780', NULL, 1),
    (42, 1, 45, N'Call-центр', 1, '2023-08-29T08:27:09.780', NULL, 1),
    (43, 1, 46, N'Заключение по должнику', 1, '2023-08-29T08:27:09.780', NULL, 1),
    (44, 1, 47, N'Отчет по группам должников', 1, '2023-08-29T08:27:09.780', NULL, 1),
    (45, 1, 48, N'Банки и портфели', 1, '2023-08-29T08:27:09.780', NULL, 1),
    (46, 1, 49, N'Отчет отдела методологии', 1, '2023-08-29T08:27:09.780', NULL, 1),
    (47, 1, 50, N'Отчет по эффективности отдела методологии', 1, '2023-08-29T08:27:09.780', NULL, 1),
    (48, 1, 51, N'Группы должников', 1, '2023-08-29T08:27:09.780', NULL, 1),
    (49, 1, 52, N'Кампании обзвона', 1, '2023-08-29T08:27:09.780', NULL, 1),
    (50, 1, 53, N'Перекрестный отчет Call-центра', 1, '2023-08-29T08:27:09.780', NULL, 1),
    (51, 1, 54, N'Отчет по рабочему времени', 1, '2023-08-29T08:27:09.780', NULL, 1),
    (52, 1, 55, N'Карточка исполнительного производства', 1, '2023-08-29T08:27:09.780', NULL, 1),
    (3447, 1, 56, N'Документ по судебной работе', 1, '2023-08-29T08:27:09.780', NULL, 1),
    (53, 1, 57, N'Утилита изменения статуса', 1, '2023-08-29T08:27:09.780', NULL, 1),
    (54, 1, 60, N'Конструктор писем', 1, '2023-08-29T08:27:09.780', NULL, 1),
    (55, 1, 61, N'Банковские реквизиты', 1, '2023-08-29T08:27:09.780', NULL, 1),
    (56, 1, 62, N'Настройка форматов XML', 1, '2023-08-29T08:27:09.780', NULL, 1),
    (57, 1, 63, N'Типы задач', 1, '2023-08-29T08:27:09.780', NULL, 1),
    (58, 1, 64, N'Отчет по работе исполнителей с проблемными активами', 1, '2023-08-29T08:27:09.780', NULL, 1),
    (59, 1, 65, N'Генератор кампаний', 1, '2023-08-29T08:27:09.780', NULL, 1),
    (60, 1, 66, N'Статистика', 1, '2023-08-29T08:27:09.780', NULL, 1),
    (61, 1, 67, N'Отчет ОТП', 1, '2023-08-29T08:27:09.780', NULL, 1),
    (62, 1, 68, N'Отчет Альфа-Банка', 1, '2023-08-29T08:27:09.780', NULL, 1),
    (63, 1, 69, N'Отчет Ренессанс', 1, '2023-08-29T08:27:09.780', NULL, 1),
    (64, 1, 70, N'Отчет по оплатам Сбербанк', 1, '2023-08-29T08:27:09.780', NULL, 1),
    (65, 1, 71, N'Отчет ЕОБ', 1, '2023-08-29T08:27:09.780', NULL, 1),
    (66, 1, 72, N'Отчет по оплатам ЕОБ', 1, '2023-08-29T08:27:09.780', NULL, 1),
    (67, 1, 73, N'Отчет ВТБ', 1, '2023-08-29T08:27:09.780', NULL, 1),
    (68, 1, 74, N'Реестр на аутсорсинг', 1, '2023-08-29T08:27:09.780', NULL, 1),
    (69, 1, 75, N'Отчет Сбербанк', 1, '2023-08-29T08:27:09.780', NULL, 1),
    (70, 1, 76, N'Отчет Юникредит', 1, '2023-08-29T08:27:09.780', NULL, 1),
    (71, 1, 77, N'Отчет Уралсиб', 1, '2023-08-29T08:27:09.780', NULL, 1),
    (72, 1, 78, N'Акт об оказании услуг Уралсиб', 1, '2023-08-29T08:27:09.780', NULL, 1),
    (73, 1, 79, N'Акт об оказании услуг ЕОБ', 1, '2023-08-29T08:27:09.780', NULL, 1),
    (74, 1, 80, N'Выездное взыскание', 1, '2023-08-29T08:27:09.780', NULL, 1),
    (75, 1, 81, N'Отчет Ситибанк', 1, '2023-08-29T08:27:09.780', NULL, 1),
    (76, 1, 82, N'Настройка параметров имущества', 1, '2023-08-29T08:27:09.780', NULL, 1),
    (77, 1, 83, N'Обработка должников (юр. лица)', 1, '2023-08-29T08:27:09.780', NULL, 1),
    (78, 1, 84, N'Отчет для выездной группы', 1, '2023-08-29T08:27:09.780', NULL, 1),
    (79, 1, 85, N'Отчет по Юникредит (новый)', 1, '2023-08-29T08:27:09.780', NULL, 1),
    (80, 1, 86, N'Отчет для выездной группы 2', 1, '2023-08-29T08:27:09.780', NULL, 1),
    (81, 1, 87, N'Отчет Home', 1, '2023-08-29T08:27:09.780', NULL, 1),
    (82, 1, 88, N'Отчет ЭОС', 1, '2023-08-29T08:27:09.780', NULL, 1),
    (83, 1, 89, N'Отчет Морган', 1, '2023-08-29T08:27:09.780', NULL, 1),
    (84, 1, 90, N'Произвольные отчеты', 1, '2023-08-29T08:27:09.780', NULL, 1),
    (85, 1, 91, N'Настройка судов и ФССП', 1, '2023-08-29T08:27:09.780', NULL, 1),
    (86, 1, 92, N'Отчет для БНП Париба', 1, '2023-08-29T08:27:09.780', NULL, 1),
    (87, 1, 93, N'Входящий звонок', 1, '2023-08-29T08:27:09.780', NULL, 1),
    (88, 1, 94, N'Отчет по мероприятиям', 1, '2023-08-29T08:27:09.780', NULL, 1),
    (89, 1, 95, N'Отчет для клиентов 2', 1, '2023-08-29T08:27:09.780', NULL, 1),
    (90, 1, 96, N'Отчет Сбербанк 2', 1, '2023-08-29T08:27:09.780', NULL, 1),
    (91, 1, 97, N'Сроки судебной работы', 1, '2023-08-29T08:27:09.780', NULL, 1),
    (92, 1, 98, N'Отчет DDM', 1, '2023-08-29T08:27:09.780', NULL, 1),
    (93, 1, 99, N'Ситибанк. Контакт с должником', 1, '2023-08-29T08:27:09.780', NULL, 1),
    (94, 1, 100, N'Утилита определения ID долга', 1, '2023-08-29T08:27:09.780', NULL, 1),
    (95, 1, 101, N'Произвольные атрибуты', 1, '2023-08-29T08:27:09.780', NULL, 1),
    (96, 1, 102, N'Отчет ВТБ 2', 1, '2023-08-29T08:27:09.780', NULL, 1),
    (97, 1, 103, N'Отчет Мегафон', 1, '2023-08-29T08:27:09.780', NULL, 1),
    (98, 1, 104, N'Отчет по обещаниям оплаты Ситибанк', 1, '2023-08-29T08:27:09.780', NULL, 1),
    (99, 1, 105, N'Web-Контакт. Обработка должников', 1, '2023-08-29T08:27:09.780', NULL, 1),
    (100, 1, 106, N'Дизайнер стратегий', 1, '2023-08-29T08:27:09.780', NULL, 1),
    (101, 1, 107, N'Отчет по входящим звонкам', 1, '2023-08-29T08:27:09.780', NULL, 1),
    (102, 1, 108, N'Отчет Сбербанк 3', 1, '2023-08-29T08:27:09.780', NULL, 1),
    (103, 1, 109, N'Отчет Банк Москвы', 1, '2023-08-29T08:27:09.780', NULL, 1),
    (104, 1, 110, N'Отчет Ситибанк. Выезды', 1, '2023-08-29T08:27:09.780', NULL, 1),
    (105, 1, 111, N'Отчет для МТС', 1, '2023-08-29T08:27:09.780', NULL, 1),
    (106, 1, 112, N'Отчет Сбербанк 4', 1, '2023-08-29T08:27:09.780', NULL, 1),
    (107, 1, 113, N'Отчет Альфа-Банка 2', 1, '2023-08-29T08:27:09.780', NULL, 1),
    (108, 1, 114, N'Отчет СРЖ', 1, '2023-08-29T08:27:09.780', NULL, 1),
    (109, 1, 115, N'Настройка GMT для телефонов', 1, '2023-08-29T08:27:09.780', NULL, 1),
    (110, 1, 116, N'Отчет для Юниаструм', 1, '2023-08-29T08:27:09.780', NULL, 1),
    (111, 1, 117, N'Отчет Интеза', 1, '2023-08-29T08:27:09.780', NULL, 1),
    (112, 1, 118, N'Отчет Ситибанк. Агрегированный', 1, '2023-08-29T08:27:09.780', NULL, 1),
    (113, 1, 119, N'Отчет Ренессанс Капитал 2', 1, '2023-08-29T08:27:09.780', NULL, 1),
    (114, 1, 120, N'Мониторинг', 1, '2023-08-29T08:27:09.780', NULL, 1),
    (115, 1, 121, N'Карточка мониторинга', 1, '2023-08-29T08:27:09.780', NULL, 1),
    (116, 1, 122, N'Отчет Сентинел 2', 1, '2023-08-29T08:27:09.780', NULL, 1),
    (117, 1, 123, N'Отчет Сентинел', 1, '2023-08-29T08:27:09.780', NULL, 1),
    (118, 1, 124, N'Отчет РОСГОССТРАХ БАНК', 1, '2023-08-29T08:27:09.780', NULL, 1),
    (119, 1, 125, N'Отчет РОСГОССТРАХ БАНК 2', 1, '2023-08-29T08:27:09.780', NULL, 1),
    (120, 1, 126, N'Отчет по ежедневной работе коллекторов 3', 1, '2023-08-29T08:27:09.780', NULL, 1),
    (121, 1, 127, N'Отчет ЭОС 2', 1, '2023-08-29T08:27:09.780', NULL, 1),
    (122, 1, 128, N'Отчет для HomeCredit', 1, '2023-08-29T08:27:09.780', NULL, 1),
    (123, 1, 129, N'Отчет СКА', 1, '2023-08-29T08:27:09.780', NULL, 1),
    (124, 1, 130, N'Конструктор писем для судебных стадий', 1, '2023-08-29T08:27:09.780', NULL, 1),
    (125, 1, 131, N'Организатор', 1, '2023-08-29T08:27:09.780', NULL, 1),
    (126, 1, 132, N'Справка', 1, '2023-08-29T08:27:09.780', NULL, 1),
    (1123, 1, 133, N'Web-Контакт. Карточка должника', 1, '2023-08-29T08:27:09.780', NULL, 1),
    (1124, 1, 134, N'Web-Контакт. Почта', 1, '2023-08-29T08:27:09.780', NULL, 1),
    (1125, 1, 135, N'Web-Контакт. Платежи', 1, '2023-08-29T08:27:09.780', NULL, 1),
    (1126, 1, 136, N'Web-Контакт. Протокол контактов', 1, '2023-08-29T08:27:09.780', NULL, 1),
    (1179, 1, 137, N'Отчет ЧелиндБанк', 1, '2023-08-29T08:27:09.780', NULL, 1),
    (1180, 1, 138, N'Группы свободного поиска', 1, '2023-08-29T08:27:09.780', NULL, 1),
    (1181, 1, 139, N'Настройка запланированных действий', 1, '2023-08-29T08:27:09.780', NULL, 1),
    (1182, 1, 140, N'SQL-сервер', 1, '2023-08-29T08:27:09.780', NULL, 1),
    (1568, 1, 141, N'Акции', 1, '2023-08-29T08:27:09.780', NULL, 1),
    (1592, 1, 142, N'Отчет Альфа-Банк 3', 1, '2023-08-29T08:27:09.780', NULL, 1),
    (1593, 1, 143, N'Отчет Агента о проделанной работе', 1, '2023-08-29T08:27:09.780', NULL, 1),
    (1594, 1, 144, N'Утилита "Процессинг"', 1, '2023-08-29T08:27:09.780', NULL, 1),
    (1595, 1, 145, N'Отчет Российский Капитал', 1, '2023-08-29T08:27:09.780', NULL, 1),
    (1596, 1, 147, N'Отчет Нестле', 1, '2023-08-29T08:27:09.780', NULL, 1),
    (1597, 1, 164, N'Отчет ПромСвязьБанк', 1, '2023-08-29T08:27:09.780', NULL, 1),
    (5065, 1, 166, N'Отчет по ежедневной работе коллекторов 4', 1, '2023-08-29T08:27:09.780', NULL, 1),
    (5066, 1, 167, N'Уголовное преследование', 1, '2023-08-29T08:27:09.780', NULL, 1),
    (5067, 1, 168, N'Карточка уголовного преследования', 1, '2023-08-29T08:27:09.780', NULL, 1),
    (5022, 1, 169, N'Настройка рабочих дней', 1, '2023-08-29T08:27:09.780', NULL, 1),
    (5069, 1, 172, N'Список служебных записок', 1, '2023-08-29T08:27:09.780', NULL, 1),
    (5070, 1, 173, N'Android', 1, '2023-08-29T08:27:09.780', NULL, 1),
    (5071, 1, 174, N'Обращения', 1, '2023-08-29T08:27:09.780', NULL, 1),
    (5072, 1, 175, N'Ввод лицензии "Контакт"', 1, '2023-08-29T08:27:09.780', NULL, 1),
    (5073, 1, 176, N'Анкеты', 1, '2023-08-29T08:27:09.780', NULL, 1),
    (3446, 1, 177, N'Карточка телефона', 1, '2023-08-29T08:27:09.780', NULL, 1),
    (3448, 1, 178, N'Indy9.libeay32.dll', 1, '2023-08-29T08:27:09.780', NULL, 1),
    (3449, 1, 179, N'Indy9.ssleay32.dll', 1, '2023-08-29T08:27:09.780', NULL, 1),
    (3450, 1, 180, N'Indy10.libeay32.dll', 1, '2023-08-29T08:27:09.780', NULL, 1),
    (3451, 1, 181, N'Indy10.ssleay32.dll', 1, '2023-08-29T08:27:09.780', NULL, 1),
    (3538, 1, 182, N'Личный кабинет', 1, '2023-08-29T08:27:09.780', NULL, 1),
    (3769, 1, 183, N'Запуск системы "Контакт"', 1, '2023-08-29T08:27:09.780', NULL, 1),
    (4098, 1, 184, N'Карточка должника Light', 1, '2023-08-29T08:27:09.780', NULL, 1),
    (5074, 1, 185, N'Конструктор запросов', 1, '2023-08-29T08:27:09.780', NULL, 1),
    (4293, 1, 186, N'fr\4.15\Russian.frc', 1, '2023-08-29T08:27:09.780', NULL, 1),
    (4294, 1, 187, N'fr\4.15\English.frc', 1, '2023-08-29T08:27:09.780', NULL, 1),
    (6316, 1, 189, N'Документооборот', 1, '2023-08-29T08:27:09.780', NULL, 1),
    (6317, 1, 190, N'Карточка документа', 1, '2023-08-29T08:27:09.780', NULL, 1),
    (6679, 1, 191, N'Strategy One', 1, '2023-08-29T08:27:09.780', NULL, 1),
    (6669, 1, 192, N'EZT4Dcx.dll', 1, '2023-08-29T08:27:09.780', NULL, 1),
    (6670, 1, 193, N'EZT4Gif.dll', 1, '2023-08-29T08:27:09.780', NULL, 1),
    (6671, 1, 194, N'EZT4Jpeg.dll', 1, '2023-08-29T08:27:09.780', NULL, 1),
    (6672, 1, 195, N'EZT4Ocr.dll', 1, '2023-08-29T08:27:09.780', NULL, 1),
    (6673, 1, 196, N'EZT4Pdf.dll', 1, '2023-08-29T08:27:09.780', NULL, 1),
    (6674, 1, 197, N'EZT4Png.dll', 1, '2023-08-29T08:27:09.780', NULL, 1),
    (6675, 1, 198, N'EZT4Symbol.dll', 1, '2023-08-29T08:27:09.780', NULL, 1),
    (6676, 1, 199, N'EZT4Tiff.dll', 1, '2023-08-29T08:27:09.780', NULL, 1),
    (6677, 1, 200, N'Eztwain4.dll', 1, '2023-08-29T08:27:09.780', NULL, 1),
    (6678, 1, 201, N'EZT4Curl.dll', 1, '2023-08-29T08:27:09.780', NULL, 1),
    (7920, 1, 202, N'Карточка имущества', 1, '2023-08-29T08:54:35.837', NULL, NULL),
    (8206, 1, 203, N'Карточка ссылки', 1, '2023-08-29T08:54:35.837', NULL, NULL),
    (8207, 1, 204, N'Карточка файла', 1, '2023-08-29T08:54:35.837', NULL, NULL),
    (8254, 1, 205, N'Карточка адреса', 1, '2023-08-29T08:54:35.837', NULL, NULL),
    (8424, 1, 207, N'Справка Contact', 1, '2023-08-29T08:54:35.837', NULL, NULL),
    (8604, 1, 208, N'Загрузка реестров', 1, '2023-08-29T08:54:35.837', NULL, NULL),
    (8638, 1, 209, N'Рисковые события', 1, '2023-08-29T08:54:35.837', NULL, NULL),
    (8639, 1, 210, N'Карточка рискового события', 1, '2023-08-29T08:54:35.837', NULL, NULL),
    (127, 2, 1, N'Попытка подбора пароля (троекратная неудача)', 1, '2023-08-29T08:27:09.780', NULL, 1),
    (128, 2, 2, N'Открытие формы', 1, '2023-08-29T08:27:09.780', NULL, 1),
    (129, 2, 3, N'Добавление нового оператора', 1, '2023-08-29T08:27:09.780', NULL, 1),
    (130, 2, 4, N'Изменение логина оператора', 1, '2023-08-29T08:27:09.780', NULL, 1),
    (131, 2, 5, N'Изменение пароля оператора', 1, '2023-08-29T08:27:09.780', NULL, 1),
    (132, 2, 6, N'Изменение атрибутов оператора', 1, '2023-08-29T08:27:09.780', NULL, 1),
    (133, 2, 7, N'Блокировка оператора', 1, '2023-08-29T08:27:09.780', NULL, 1),
    (134, 2, 8, N'Разблокировка оператора', 1, '2023-08-29T08:27:09.780', NULL, 1),
    (135, 2, 9, N'Загрузка данных из файла', 1, '2023-08-29T08:27:09.780', NULL, 1),
    (136, 2, 10, N'Добавление новой роли', 1, '2023-08-29T08:27:09.780', NULL, 1),
    (137, 2, 11, N'Изменение роли', 1, '2023-08-29T08:27:09.780', NULL, 1),
    (138, 2, 12, N'Удаление роли', 1, '2023-08-29T08:27:09.780', NULL, 1),
    (139, 2, 13, N'Добавление доступа в роль', 1, '2023-08-29T08:27:09.780', NULL, 1),
    (140, 2, 14, N'Изменение значения доступа', 1, '2023-08-29T08:27:09.780', NULL, 1),
    (141, 2, 15, N'Удаление доступа из роли', 1, '2023-08-29T08:27:09.780', NULL, 1),
    (142, 2, 16, N'Изменение условия на список', 1, '2023-08-29T08:27:09.780', NULL, 1),
    (143, 2, 17, N'Добавление сценария', 1, '2023-08-29T08:27:09.780', NULL, 1),
    (144, 2, 18, N'Изменение сценария', 1, '2023-08-29T08:27:09.780', NULL, 1),
    (145, 2, 19, N'Удаление сценария', 1, '2023-08-29T08:27:09.780', NULL, 1),
    (146, 2, 20, N'Регистрация контакта', 1, '2023-08-29T08:27:09.780', NULL, 1),
    (147, 2, 21, N'Добавление новой персоны', 1, '2023-08-29T08:27:09.780', NULL, 1),
    (148, 2, 22, N'Изменение атрибутов персоны', 1, '2023-08-29T08:27:09.780', NULL, 1),
    (149, 2, 23, N'Добавление телефона', 1, '2023-08-29T08:27:09.780', NULL, 1),
    (150, 2, 24, N'Изменение телефона', 1, '2023-08-29T08:27:09.780', NULL, 1),
    (151, 2, 25, N'Блокировка телефона', 1, '2023-08-29T08:27:09.780', NULL, 1),
    (152, 2, 26, N'Добавление адреса', 1, '2023-08-29T08:27:09.780', NULL, 1),
    (153, 2, 27, N'Изменение адреса', 1, '2023-08-29T08:27:09.780', NULL, 1),
    (154, 2, 28, N'Блокировка адреса', 1, '2023-08-29T08:27:09.780', NULL, 1),
    (155, 2, 29, N'Добавление нового долга', 1, '2023-08-29T08:27:09.780', NULL, 1),
    (156, 2, 30, N'Изменение атрибутов долга', 1, '2023-08-29T08:27:09.780', NULL, 1),
    (157, 2, 31, N'Завершение работы с долгом', 1, '2023-08-29T08:27:09.780', NULL, 1),
    (158, 2, 32, N'Регистрация платежа', 1, '2023-08-29T08:27:09.780', NULL, 1),
    (159, 2, 33, N'Подтверждение платежа', 1, '2023-08-29T08:27:09.780', NULL, 1),
    (160, 2, 34, N'Отмена платежа', 1, '2023-08-29T08:27:09.780', NULL, 1),
    (161, 2, 35, N'Регистрация обещания', 1, '2023-08-29T08:27:09.780', NULL, 1),
    (162, 2, 36, N'Отмена обещания', 1, '2023-08-29T08:27:09.780', NULL, 1),
    (163, 2, 37, N'Добавление ссылки на вложение', 1, '2023-08-29T08:27:09.780', NULL, 1),
    (164, 2, 38, N'Изменение ссылки на вложение', 1, '2023-08-29T08:27:09.780', NULL, 1),
    (165, 2, 39, N'Удаление ссылки на вложение', 1, '2023-08-29T08:27:09.780', NULL, 1),
    (166, 2, 40, N'Аннулирование должника', 1, '2023-08-29T08:27:09.780', NULL, 1),
    (167, 2, 41, N'Возврат должника в работу', 1, '2023-08-29T08:27:09.780', NULL, 1),
    (168, 2, 42, N'Добавление результата контакта', 1, '2023-08-29T08:27:09.780', NULL, 1),
    (169, 2, 43, N'Изменение настроек результата контакта', 1, '2023-08-29T08:27:09.780', NULL, 1),
    (170, 2, 44, N'Удаление результата контакта', 1, '2023-08-29T08:27:09.780', NULL, 1),
    (171, 2, 45, N'Запуск отчета', 1, '2023-08-29T08:27:09.780', NULL, 1),
    (172, 2, 46, N'Выгрузка данных в EXCEL', 1, '2023-08-29T08:27:09.780', NULL, 1),
    (173, 2, 47, N'Добавление записи в расписание', 1, '2023-08-29T08:27:09.780', NULL, 1),
    (174, 2, 48, N'Изменение записи в расписании', 1, '2023-08-29T08:27:09.780', NULL, 1),
    (175, 2, 49, N'Удаление записи из расписания', 1, '2023-08-29T08:27:09.780', NULL, 1),
    (176, 2, 50, N'Добавление информации о поручителе', 1, '2023-08-29T08:27:09.780', NULL, 1),
    (177, 2, 51, N'Изменение информации о поручителе', 1, '2023-08-29T08:27:09.780', NULL, 1),
    (178, 2, 52, N'Удаление информации о поручителе', 1, '2023-08-29T08:27:09.780', NULL, 1),
    (179, 2, 53, N'Добавление файла', 1, '2023-08-29T08:27:09.780', NULL, 1),
    (180, 2, 54, N'Изменение файла', 1, '2023-08-29T08:27:09.780', NULL, 1),
    (181, 2, 55, N'Удаление файла', 1, '2023-08-29T08:27:09.780', NULL, 1),
    (182, 2, 56, N'Загрузка платежей из файла', 1, '2023-08-29T08:27:09.780', NULL, 1),
    (183, 2, 57, N'Перевод должника в проблемные', 1, '2023-08-29T08:27:09.780', NULL, 1),
    (184, 2, 58, N'Перевод должника к возврату в банк', 1, '2023-08-29T08:27:09.780', NULL, 1),
    (185, 2, 59, N'Изменение причины возникновения долга', 1, '2023-08-29T08:27:09.780', NULL, 1),
    (186, 2, 60, N'Групповое изменение атрибутов', 1, '2023-08-29T08:27:09.780', NULL, 1),
    (187, 2, 61, N'Добавление словарного термина', 1, '2023-08-29T08:27:09.780', NULL, 1),
    (188, 2, 62, N'Изменение словарного термина', 1, '2023-08-29T08:27:09.780', NULL, 1),
    (189, 2, 63, N'Удаление словарного термина', 1, '2023-08-29T08:27:09.780', NULL, 1),
    (190, 2, 64, N'Добавление курса валюты', 1, '2023-08-29T08:27:09.780', NULL, 1),
    (191, 2, 65, N'Изменение курса валюты', 1, '2023-08-29T08:27:09.780', NULL, 1),
    (192, 2, 66, N'Удаление курса валюты', 1, '2023-08-29T08:27:09.780', NULL, 1),
    (193, 2, 67, N'Добавление графика рабочего времени', 1, '2023-08-29T08:27:09.780', NULL, 1),
    (194, 2, 68, N'Изменение графика рабочего времени', 1, '2023-08-29T08:27:09.780', NULL, 1),
    (195, 2, 69, N'Удаление графика рабочего времени', 1, '2023-08-29T08:27:09.780', NULL, 1),
    (196, 2, 70, N'Добавление информации', 1, '2023-08-29T08:27:09.780', NULL, 1),
    (197, 2, 71, N'Изменение информации', 1, '2023-08-29T08:27:09.780', NULL, 1),
    (198, 2, 72, N'Удаление информации', 1, '2023-08-29T08:27:09.780', NULL, 1),
    (199, 2, 73, N'Создание письма', 1, '2023-08-29T08:27:09.780', NULL, 1),
    (200, 2, 74, N'Отмечена необходимость выезда', 1, '2023-08-29T08:27:09.780', NULL, 1),
    (201, 2, 75, N'Выезд подготовлен', 1, '2023-08-29T08:27:09.780', NULL, 1),
    (202, 2, 76, N'Запуск расчета комиссии', 1, '2023-08-29T08:27:09.780', NULL, 1),
    (203, 2, 77, N'Отправка SMS', 1, '2023-08-29T08:27:09.780', NULL, 1),
    (204, 2, 78, N'Выход из программы', 1, '2023-08-29T08:27:09.780', NULL, 1),
    (205, 2, 79, N'Изменение коллектора, получившего платеж', 1, '2023-08-29T08:27:09.780', NULL, 1),
    (206, 2, 80, N'Запуск кампании обзвона', 1, '2023-08-29T08:27:09.780', NULL, 1),
    (207, 2, 81, N'Остановка кампании обзвона', 1, '2023-08-29T08:27:09.780', NULL, 1),
    (208, 2, 82, N'Отправка Email', 1, '2023-08-29T08:27:09.780', NULL, 1),
    (209, 2, 83, N'Постановка задачи в Организатор', 1, '2023-08-29T08:27:09.780', NULL, 1),
    (210, 2, 84, N'Создание судебного приказа', 1, '2023-08-29T08:27:09.780', NULL, 1),
    (211, 2, 85, N'Создание судебного иска', 1, '2023-08-29T08:27:09.780', NULL, 1),
    (212, 2, 86, N'Создание исполнительного производства', 1, '2023-08-29T08:27:09.780', NULL, 1),
    (213, 2, 87, N'Отказ принятия соглашения о конфеденциальности', 1, '2023-08-29T08:27:09.780', NULL, 1),
    (214, 2, 88, N'Отправка заявки в DaData', 1, '2023-08-29T08:27:09.780', NULL, 1),
    (215, 2, 89, N'Перевод на аутсорсинг', 1, '2023-08-29T08:27:09.780', NULL, 1),
    (216, 2, 90, N'Отправка заявки в MobileMoney', 1, '2023-08-29T08:27:09.780', NULL, 1),
    (217, 2, 91, N'Исходящий звонок в режиме Preview', 1, '2023-08-29T08:27:09.780', NULL, 1),
    (218, 2, 92, N'Перевод в архив', 1, '2023-08-29T08:27:09.780', NULL, 1),
    (219, 2, 93, N'Сброс вызова', 1, '2023-08-29T08:27:09.780', NULL, 1),
    (220, 2, 94, N'Удержание вызова', 1, '2023-08-29T08:27:09.780', NULL, 1),
    (221, 2, 95, N'Продолжение вызова (выход из удержания)', 1, '2023-08-29T08:27:09.780', NULL, 1),
    (222, 2, 96, N'Перевод звонка', 1, '2023-08-29T08:27:09.780', NULL, 1),
    (223, 2, 97, N'Управление кампанией Genesys', 1, '2023-08-29T08:27:09.780', NULL, 1),
    (224, 2, 98, N'Распределение долга', 1, '2023-08-29T08:27:09.780', NULL, 1),
    (225, 2, 99, N'Снятие ответственного оператора', 1, '2023-08-29T08:27:09.780', NULL, 1),
    (226, 2, 100, N'Объединение должников', 1, '2023-08-29T08:27:09.780', NULL, 1),
    (227, 2, 101, N'Запуск процедуры', 1, '2023-08-29T08:27:09.780', NULL, 1),
    (228, 2, 102, N'Корректировка информации о платеже', 1, '2023-08-29T08:27:09.780', NULL, 1),
    (229, 2, 103, N'Удаление телефона', 1, '2023-08-29T08:27:09.780', NULL, 1),
    (230, 2, 104, N'Разблокировка телефона', 1, '2023-08-29T08:27:09.780', NULL, 1),
    (231, 2, 105, N'Снятие статуса выезда', 1, '2023-08-29T08:27:09.780', NULL, 1),
    (232, 2, 106, N'Перевод в пользовательский статус', 1, '2023-08-29T08:27:09.780', NULL, 1),
    (233, 2, 107, N'Окончание загрузки данных из файла', 1, '2023-08-29T08:27:09.780', NULL, 1),
    (234, 2, 108, N'Удаление письма', 1, '2023-08-29T08:27:09.780', NULL, 1),
    (235, 2, 109, N'Начало загрузки данных из файла', 1, '2023-08-29T08:27:09.780', NULL, 1),
    (236, 2, 110, N'Разблокировка адреса', 1, '2023-08-29T08:27:09.780', NULL, 1),
    (237, 2, 111, N'Ввод графика платежа', 1, '2023-08-29T08:27:09.780', NULL, 1),
    (238, 2, 112, N'Редактирование графика платежа', 1, '2023-08-29T08:27:09.780', NULL, 1),
    (239, 2, 113, N'Удаление графика платежа', 1, '2023-08-29T08:27:09.780', NULL, 1),
    (240, 2, 114, N'Установка результата звонка', 1, '2023-08-29T08:27:09.780', NULL, 1),
    (1127, 2, 115, N'Завершение работы агента', 1, '2023-08-29T08:27:09.780', NULL, 1),
    (1128, 2, 116, N'Изменение таблицы "Статусы агентов"', 1, '2023-08-29T08:27:09.780', NULL, 1),
    (1129, 2, 117, N'Выполнение задания в рамках стратегии', 1, '2023-08-29T08:27:09.780', NULL, 1),
    (1598, 2, 118, N'Просмотр информации', 1, '2023-08-29T08:27:09.780', NULL, 1),
    (1569, 2, 119, N'Добавление долга в акцию', 1, '2023-08-29T08:27:09.780', NULL, 1),
    (1570, 2, 120, N'Исключение долга из акции', 1, '2023-08-29T08:27:09.780', NULL, 1),
    (1599, 2, 121, N'Изменение параметров включения долга в акцию', 1, '2023-08-29T08:27:09.780', NULL, 1),
    (1183, 2, 122, N'Акция предложена', 1, '2023-08-29T08:27:09.780', NULL, 1),
    (1600, 2, 123, N'Удаление долга из РМ "Постановка задач"', 1, '2023-08-29T08:27:09.780', NULL, 1),
    (1601, 2, 124, N'Перевод звонка на автоинформатор', 1, '2023-08-29T08:27:09.780', NULL, 1),
    (1602, 2, 125, N'Создание группы долгов', 1, '2023-08-29T08:27:09.780', NULL, 1),
    (1603, 2, 126, N'Редактирование группы долгов', 1, '2023-08-29T08:27:09.780', NULL, 1),
    (1604, 2, 127, N'Удаление группы долгов', 1, '2023-08-29T08:27:09.780', NULL, 1),
    (1605, 2, 128, N'Добавление пользователя в группу', 1, '2023-08-29T08:27:09.780', NULL, 1),
    (1606, 2, 129, N'Удаление пользователя из группы', 1, '2023-08-29T08:27:09.780', NULL, 1),
    (1607, 2, 130, N'Редактирование пользователя в группе', 1, '2023-08-29T08:27:09.780', NULL, 1),
    (1527, 2, 131, N'Выгрузка кампании Автоинформирования', 1, '2023-08-29T08:27:09.780', NULL, 1),
    (1528, 2, 132, N'Выгрузка кампании обзвона', 1, '2023-08-29T08:27:09.780', NULL, 1),
    (1546, 2, 133, N'Аннулирование дела', 1, '2023-08-29T08:27:09.780', NULL, 1),
    (1608, 2, 134, N'Подключение к кампании обзвона Avaya', 1, '2023-08-29T08:27:09.780', NULL, 1),
    (1609, 2, 135, N'Отключение от кампании обзвона Avaya', 1, '2023-08-29T08:27:09.780', NULL, 1),
    (1610, 2, 136, N'Логин агента Avaya', 1, '2023-08-29T08:27:09.780', NULL, 1),
    (1611, 2, 137, N'Передача на аутсорсинг', 1, '2023-08-29T08:27:09.780', NULL, 1),
    (1612, 2, 138, N'Исключение из аутсорсинга', 1, '2023-08-29T08:27:09.780', NULL, 1),
    (1613, 2, 139, N'Отзыв из аутсорсинга', 1, '2023-08-29T08:27:09.780', NULL, 1),
    (1614, 2, 140, N'Формирование портфеля', 1, '2023-08-29T08:27:09.780', NULL, 1),
    (1615, 2, 141, N'Передача портфеля', 1, '2023-08-29T08:27:09.780', NULL, 1),
    (1616, 2, 142, N'Отзыв портфеля', 1, '2023-08-29T08:27:09.780', NULL, 1),
    (1617, 2, 143, N'Поиск', 1, '2023-08-29T08:27:09.780', NULL, 1),
    (1618, 2, 144, N'Событие при логине агента Avaya', 1, '2023-08-29T08:27:09.780', NULL, 1),
    (1619, 2, 145, N'Событие при логоффе агента Avaya', 1, '2023-08-29T08:27:09.780', NULL, 1),
    (1620, 2, 146, N'Событие при создании списка для кампании обзвона Avaya', 1, '2023-08-29T08:27:09.780', NULL, 1),
    (1621, 2, 147, N'Событие при подключении к кампании обзвона Avaya', 1, '2023-08-29T08:27:09.780', NULL, 1),
    (1622, 2, 148, N'Событие при отключении от кампании обзвона Avaya', 1, '2023-08-29T08:27:09.780', NULL, 1),
    (1583, 2, 149, N'Возврат долгу предыдущего статуса', 1, '2023-08-29T08:27:09.780', NULL, 1),
    (1584, 2, 150, N'Вызов функции DialerGetOncall', 1, '2023-08-29T08:27:09.780', NULL, 1),
    (1585, 2, 151, N'Вызов функции DialerSetReschedule', 1, '2023-08-29T08:27:09.780', NULL, 1),
    (1623, 2, 152, N'Добавление адреса Email', 1, '2023-08-29T08:27:09.780', NULL, 1),
    (1624, 2, 153, N'Редактирование адреса Email', 1, '2023-08-29T08:27:09.780', NULL, 1),
    (1625, 2, 154, N'Удаление адреса Email', 1, '2023-08-29T08:27:09.780', NULL, 1),
    (1681, 2, 155, N'Добавление иерархических атрибутов долга DebtAtrr', 1, '2023-08-29T08:27:09.780', NULL, 1),
    (1682, 2, 156, N'Редактирование иерархических атрибутов долга DebtAttr', 1, '2023-08-29T08:27:09.780', NULL, 1),
    (1683, 2, 157, N'Удаление иерархических атрибутов долга debtAttr', 1, '2023-08-29T08:27:09.780', NULL, 1),
    (1684, 2, 158, N'Добавление узла дерева DebtAttrTree', 1, '2023-08-29T08:27:09.780', NULL, 1),
    (1685, 2, 159, N'Редактирование узда дерева debtAttrTree', 1, '2023-08-29T08:27:09.780', NULL, 1),
    (1686, 2, 160, N'Удаление узла дерева debtAttrtree', 1, '2023-08-29T08:27:09.780', NULL, 1),
    (1687, 2, 161, N'Удаление из группы рассылки', 1, '2023-08-29T08:27:09.780', NULL, 1),
    (1688, 2, 162, N'Добавление в группу рассылки', 1, '2023-08-29T08:27:09.780', NULL, 1),
    (3083, 2, 177, N'Добавление SQL-шаблона выгрузки в автодайлер', 1, '2023-08-29T08:27:09.780', NULL, 1),
    (3084, 2, 178, N'Редактирование SQL-шаблона выгрузки в автодайлер', 1, '2023-08-29T08:27:09.780', NULL, 1),
    (3085, 2, 179, N'Удаление SQL-шаблона выгрузки в автодайлер', 1, '2023-08-29T08:27:09.780', NULL, 1),
    (3278, 2, 182, N'Создание судебного дела', 1, '2023-08-29T08:27:09.780', NULL, 1),
    (3300, 2, 183, N'Исходящий звонок с мобильного устройтсва', 1, '2023-08-29T08:27:09.780', NULL, 1),
    (3394, 2, 184, N'Добавление правила сортировки', 1, '2023-08-29T08:27:09.780', NULL, 1),
    (3395, 2, 185, N'Редактирование правила сортировки', 1, '2023-08-29T08:27:09.780', NULL, 1),
    (3396, 2, 186, N'Удаление правила сортировки', 1, '2023-08-29T08:27:09.780', NULL, 1),
    (4044, 2, 187, N'Создание правопреемства', 1, '2023-08-29T08:27:09.780', NULL, 1),
    (4563, 2, 188, N'Создание банкротства', 1, '2023-08-29T08:27:09.780', NULL, 1),
    (4571, 2, 189, N'Неуспешная попытка аутентификации ', 1, '2023-08-29T08:27:09.780', NULL, 1),
    (4572, 2, 190, N'Неуспешная попытка авторизации', 1, '2023-08-29T08:27:09.780', NULL, 1),
    (4573, 2, 191, N'Сброс неудачных попыток аутентификации в мобильном приложении', 1, '2023-08-29T08:27:09.780', NULL, 1),
    (4564, 2, 192, N'Добавление социальной сети', 1, '2023-08-29T08:27:09.780', NULL, 1),
    (4565, 2, 193, N'Редактирование социальной сети', 1, '2023-08-29T08:27:09.780', NULL, 1),
    (4566, 2, 194, N'Удаление социальной сети', 1, '2023-08-29T08:27:09.780', NULL, 1),
    (4568, 2, 195, N'Добавление привязки мобильного устройства к пользователю', 1, '2023-08-29T08:27:09.780', NULL, 1),
    (4569, 2, 196, N'Редактирование привязки мобильного устройства к пользователю', 1, '2023-08-29T08:27:09.780', NULL, 1),
    (4570, 2, 197, N'Удаление привязки мобильного устройства к пользователю', 1, '2023-08-29T08:27:09.780', NULL, 1),
    (4620, 2, 198, N'Удаление судебного дела', 1, '2023-08-29T08:27:09.780', NULL, 1),
    (4621, 2, 199, N'Удаление исполнительного производства', 1, '2023-08-29T08:27:09.780', NULL, 1),
    (4622, 2, 200, N'Корректировка обещания', 1, '2023-08-29T08:27:09.780', NULL, 1),
    (4783, 2, 201, N'Создание схемы коммуникации', 1, '2023-08-29T08:27:09.780', NULL, 1),
    (4784, 2, 202, N'Редактирование схемы коммуникации', 1, '2023-08-29T08:27:09.780', NULL, 1),
    (4785, 2, 203, N'Удаление схемы коммуникации', 1, '2023-08-29T08:27:09.780', NULL, 1),
    (4786, 2, 204, N'Добавление периода для схемы коммуникации', 1, '2023-08-29T08:27:09.780', NULL, 1),
    (4787, 2, 205, N'Редактирование периода для схемы коммуникации', 1, '2023-08-29T08:27:09.780', NULL, 1),
    (4788, 2, 206, N'Удаление периода для схемы коммуникации', 1, '2023-08-29T08:27:09.780', NULL, 1),
    (4789, 2, 207, N'Назначение индивидуальной схемы коммуникации', 1, '2023-08-29T08:27:09.780', NULL, 1),
    (4790, 2, 208, N'Редактирование индивидуальной схемы коммуникации', 1, '2023-08-29T08:27:09.780', NULL, 1),
    (4791, 2, 209, N'Удаление индивидуальной схемы коммуникации', 1, '2023-08-29T08:27:09.780', NULL, 1),
    (4796, 2, 210, N'Установка времени автоматического перезвона', 1, '2023-08-29T08:27:09.780', NULL, 1),
    (4797, 2, 211, N'Начало обработки долга', 1, '2023-08-29T08:27:09.780', NULL, 1),
    (4798, 2, 212, N'Окончание обработки долга', 1, '2023-08-29T08:27:09.780', NULL, 1),
    (6517, 2, 213, N'Добавление нового адреса ФССП', 1, '2023-08-29T08:27:09.780', NULL, 1),
    (6518, 2, 214, N'Редактирование адреса ФССП', 1, '2023-08-29T08:27:09.780', NULL, 1),
    (6519, 2, 215, N'Блокировка адреса ФССП', 1, '2023-08-29T08:27:09.780', NULL, 1),
    (6520, 2, 216, N'Разблокировка адреса ФССП', 1, '2023-08-29T08:27:09.780', NULL, 1),
    (7180, 2, 217, N'Создание исполнительной надписи', 1, '2023-08-29T08:27:09.780', NULL, 1),
    (7578, 2, 218, N'Добавление атрибута СР', 1, '2023-08-29T08:54:35.837', NULL, NULL),
    (7579, 2, 219, N'Изменение атрибута СР', 1, '2023-08-29T08:54:35.837', NULL, NULL),
    (7580, 2, 220, N'Удаление атрибута СР', 1, '2023-08-29T08:54:35.837', NULL, NULL),
    (7581, 2, 221, N'Добавление атрибута ИП', 1, '2023-08-29T08:54:35.837', NULL, NULL),
    (7582, 2, 222, N'Изменение атрибута ИП', 1, '2023-08-29T08:54:35.837', NULL, NULL),
    (7583, 2, 223, N'Удаление атрибута ИП', 1, '2023-08-29T08:54:35.837', NULL, NULL),
    (7955, 2, 224, N'Добавление участника суд. дела', 1, '2023-08-29T08:54:35.837', NULL, NULL),
    (7956, 2, 225, N'Изменение статуса участника суд. дела', 1, '2023-08-29T08:54:35.837', NULL, NULL),
    (7957, 2, 226, N'Удаление участника суд. дела', 1, '2023-08-29T08:54:35.837', NULL, NULL),
    (8116, 2, 227, N'Добавление связанного лица долгу', 1, '2023-08-29T08:54:35.837', NULL, NULL),
    (8117, 2, 228, N'Изменение связанного лица', 1, '2023-08-29T08:54:35.837', NULL, NULL),
    (8118, 2, 229, N'Удаление связи между долгом и связанным лицом', 1, '2023-08-29T08:54:35.837', NULL, NULL),
    (8122, 2, 230, N'Назначение куратора', 1, '2023-08-29T08:54:35.837', NULL, NULL),
    (8155, 2, 231, N'Добавление права на объект', 1, '2023-08-29T08:54:35.837', NULL, NULL),
    (8156, 2, 232, N'Редактирование права на объект', 1, '2023-08-29T08:54:35.837', NULL, NULL),
    (8157, 2, 233, N'Удаление права на объект', 1, '2023-08-29T08:54:35.837', NULL, NULL),
    (8158, 2, 234, N'Добавление обременения', 1, '2023-08-29T08:54:35.837', NULL, NULL),
    (8159, 2, 235, N'Редактирование обременения', 1, '2023-08-29T08:54:35.837', NULL, NULL),
    (8160, 2, 236, N'Удаление обременения', 1, '2023-08-29T08:54:35.837', NULL, NULL),
    (9137, 2, 237, N'Блокировка адреса email', 1, '2023-08-29T08:54:35.837', NULL, NULL),
    (9138, 2, 238, N'Разблокировка адреса email', 1, '2023-08-29T08:54:35.837', NULL, NULL),
    (9194, 2, 239, N'Отмена последних СМС', 1, '2023-09-25T20:35:14.460', NULL, NULL),
    (9195, 2, 240, N'Отмена последних Email', 1, '2023-09-25T20:35:14.587', NULL, NULL),
    (9196, 2, 241, N'Отмена последних писем', 1, '2023-09-25T20:35:14.727', NULL, NULL),
    (9307, 2, 242, N'Удаление отправлений', 1, '2024-06-26T19:37:40.200', NULL, NULL),
    (9334, 2, 243, N'Загрузка истории работы', 1, '2024-11-06T14:00:37.343', NULL, NULL),
    (9466, 2, 10001, N'Удаление контакта', 1, '2025-05-19T14:03:19.797', NULL, NULL),
    (241, 3, 1, N'Звонок', 1, '2023-08-29T08:27:09.780', NULL, 1),
    (242, 3, 2, N'Выезд', 1, '2023-08-29T08:27:09.780', NULL, 1),
    (243, 3, 3, N'Входящий', 1, '2023-08-29T08:27:09.780', NULL, 1),
    (244, 3, 4, N'Посещение офиса', 1, '2023-08-29T08:27:09.780', NULL, 1),
    (245, 3, 5, N'Специальное', 1, '2023-08-29T08:27:09.780', NULL, 1),
    (246, 3, 6, N'Письмо', 1, '2023-08-29T08:27:09.780', NULL, 1),
    (247, 3, 7, N'СМС', 1, '2023-08-29T08:27:09.780', NULL, 1),
    (248, 3, 8, N'Email', 1, '2023-08-29T08:27:09.780', NULL, 1),
    (2867, 3, 9, N'Шаблоны для соц. сетей', 1, '2023-08-29T08:27:09.780', NULL, 1),
    (9306, 3, 10, N'Автоинформирование', 1, '2024-06-26T19:37:03.143', NULL, NULL),
    (6521, 3, 11, N'Выезд в ФССП', 1, '2023-08-29T08:27:09.780', NULL, 1),
    (8280, 3, 12, N'Звонок в ФССП', 1, '2023-08-29T08:54:35.837', NULL, NULL),
    (8526, 3, 13, N'Переписка в мессенджере', 1, '2023-08-29T08:54:35.837', NULL, NULL),
    (1777, 3, 19, N'Автоинформатор', 1, '2023-08-29T08:27:09.780', NULL, 1),
    (9964, 3, 201, N'Личный кабинет', 1, '2025-09-24T14:19:41.137', NULL, NULL),
    (249, 4, 1, N'Мобильный', 1, '2023-08-29T08:27:09.780', NULL, 1),
    (250, 4, 2, N'Домашний', 1, '2023-08-29T08:27:09.780', NULL, 1),
    (251, 4, 3, N'Рабочий', 1, '2023-08-29T08:27:09.780', NULL, 1),
    (252, 4, 4, N'Дополнительный', 1, '2023-08-29T08:27:09.780', NULL, 1),
    (261, 4, 31, N'Моб.Третье лицо', 1, '2023-08-29T08:27:09.780', NULL, 1),
    (262, 4, 32, N'Дом.Третье лицо', 1, '2023-08-29T08:27:09.780', NULL, 1),
    (1556, 4, 33, N'Раб. Третье лицо', 1, '2023-08-29T08:27:09.780', NULL, 1),
    (3124, 4, 34, N'Доп. Третье лицо', 1, '2023-08-29T08:27:09.780', NULL, 1),
    (1706, 4, 44, N'Суд Приставы', 1, '2023-08-29T08:27:09.780', NULL, 1),
    (7230, 4, 51, N'Моб. Родственник', 1, '2023-08-29T08:27:09.780', NULL, 1),
    (7231, 4, 52, N'Дом. Родственник', 1, '2023-08-29T08:27:09.780', NULL, 1),
    (5050, 4, 101, N'Поручитель мобильный', 1, '2023-08-29T08:27:09.780', NULL, 1),
    (5051, 4, 102, N'Поручитель домашний', 1, '2023-08-29T08:27:09.780', NULL, 1),
    (5052, 4, 103, N'Поручитель рабочий', 1, '2023-08-29T08:27:09.780', NULL, 1),
    (256, 4, 104, N'Поручитель-Дополнительный', 1, '2023-08-29T08:27:09.780', NULL, 1),
    (3183, 4, 105, N'Созаемщик-Мобильный', 1, '2023-08-29T08:27:09.780', NULL, 1),
    (3184, 4, 106, N'Созаемщик-Рабочий', 1, '2023-08-29T08:27:09.780', NULL, 1),
    (7232, 4, 107, N'Созаемщик-Домашний', 1, '2023-08-29T08:27:09.780', NULL, 1),
    (7233, 4, 108, N'Созаемщик-Дополнительный', 1, '2023-08-29T08:27:09.780', NULL, 1),
    (257, 4, 201, N'Залогодатель-Мобильный', 1, '2023-08-29T08:27:09.780', NULL, 1),
    (258, 4, 202, N'Залогодатель-Домашний', 1, '2023-08-29T08:27:09.780', NULL, 1),
    (259, 4, 203, N'Залогодатель-Рабочий', 1, '2023-08-29T08:27:09.780', NULL, 1),
    (260, 4, 204, N'Залогодатель-Дополнительный', 1, '2023-08-29T08:27:09.780', NULL, 1),
    (6139, 4, 301, N'Мобильный_1_tmp', 1, '2023-08-29T08:27:09.780', NULL, 1),
    (263, 5, 1, N'Регистрация', 1, '2023-08-29T08:27:09.780', NULL, 1),
    (264, 5, 2, N'Фактический', 1, '2023-08-29T08:27:09.780', NULL, 1),
    (265, 5, 3, N'Рабочий', 1, '2023-08-29T08:27:09.780', NULL, 1),
    (266, 5, 4, N'Дополнительный', 1, '2023-08-29T08:27:09.780', NULL, 1),
    (1203, 5, 5, N'Корреспондентский', 1, '2023-08-29T08:27:09.780', 1, 1),
    (3186, 5, 6, N'Суд', 1, '2023-08-29T08:27:09.780', 1, 1),
    (3187, 5, 7, N'Банк', 1, '2023-08-29T08:27:09.780', 1, 1),
    (3188, 5, 8, N'Гос. учреждение', 1, '2023-08-29T08:27:09.780', NULL, 1),
    (3335, 5, 9, N'ФССП', 1, '2023-08-29T08:27:09.780', 1, 1),
    (3598, 5, 10, N'Сомнительный', 1, '2023-08-29T08:27:09.780', 1, 1),
    (9303, 5, 11, N'Регистрация СМЭВ', 2, '2024-06-18T15:28:01.133', 1, 1),
    (5053, 5, 101, N'Поручитель регистрация', 1, '2023-08-29T08:27:09.780', NULL, 1),
    (5054, 5, 102, N'Поручитель фактический', 1, '2023-08-29T08:27:09.780', NULL, 1),
    (269, 5, 103, N'Поручитель-Рабочий', 1, '2023-08-29T08:27:09.780', NULL, 1),
    (270, 5, 104, N'Поручитель-Дополнительный', 1, '2023-08-29T08:27:09.780', NULL, 1),
    (8368, 5, 105, N'Созаёмщик регистрация', 1, '2023-08-29T08:27:09.780', NULL, 1),
    (8369, 5, 106, N'Созаёмщик фактический', 1, '2023-08-29T08:27:09.780', NULL, 1),
    (271, 5, 201, N'Залогодатель-Регистрация', 1, '2023-08-29T08:27:09.780', NULL, 1),
    (272, 5, 202, N'Залогодатель-Фактический', 1, '2023-08-29T08:27:09.780', NULL, 1),
    (273, 5, 203, N'Залогодатель-Рабочий', 1, '2023-08-29T08:27:09.780', NULL, 1),
    (274, 5, 204, N'Залогодатель-Дополнительный', 1, '2023-08-29T08:27:09.780', NULL, 1),
    (8461, 5, 301, N'финансовый управляющий', 1, '2023-08-29T08:27:09.780', 1, 1),
    (8462, 5, 302, N'ЕФРСБ (должник)', 1, '2023-08-29T08:27:09.780', 1, 1),
    (9247, 5, 409, N'Прокуратура', 1, '2024-01-16T12:43:25.327', 1, 1),
    (275, 6, 1, N'Не распределен', 1, '2023-08-29T08:27:09.780', NULL, 1),
    (276, 6, 2, N'Не обработан', 1, '2023-08-29T08:27:09.780', NULL, 1),
    (277, 6, 3, N'Отказ', 1, '2023-08-29T08:27:09.780', NULL, 1),
    (278, 6, 4, N'Контакт установлен', 1, '2023-08-29T08:27:09.780', NULL, 1),
    (279, 6, 5, N'Обещание', 1, '2023-08-29T08:27:09.780', NULL, 1),
    (280, 6, 6, N'Завершено', 1, '2023-08-29T08:27:09.780', NULL, 1),
    (281, 6, 7, N'Аннулировано', 1, '2023-08-29T08:27:09.780', NULL, 1),
    (282, 6, 8, N'Отозван Клиентом', 1, '2023-08-29T08:27:09.780', NULL, 1),
    (283, 6, 9, N'Проблемный', 1, '2023-08-29T08:27:09.780', NULL, 1),
    (284, 6, 10, N'К возврату Клиенту', 1, '2023-08-29T08:27:09.780', NULL, 1),
    (285, 6, 11, N'Возврат в работу', 1, '2023-08-29T08:27:09.780', NULL, 1),
    (286, 6, 12, N'Без перспектив', 1, '2023-08-29T08:27:09.780', NULL, 1),
    (287, 6, 13, N'Контакт не установлен', 1, '2023-08-29T08:27:09.780', NULL, 1),
    (288, 6, 14, N'Аутсорсинг', 1, '2023-08-29T08:27:09.780', NULL, 1),
    (289, 6, 15, N'Поиск информации', 1, '2023-08-29T08:27:09.780', NULL, 1),
    (1574, 6, 16, N'Возврат из аутсорсинга', 1, '2023-08-29T08:27:09.780', NULL, 1),
    (1175, 6, 17, N'Цессия', 1, '2023-08-29T08:27:09.780', NULL, 1),
    (1538, 6, 101, N'График платежей', 1, '2023-08-29T08:27:09.780', NULL, 1),
    (4762, 6, 102, N'Отказ от взаимодействия', 1, '2023-08-29T08:27:09.780', NULL, 1),
    (4763, 6, 103, N'Взаимодействие через представителя', 1, '2023-08-29T08:27:09.780', NULL, 1),
    (4822, 6, 104, N'Банкротство', 1, '2023-08-29T08:27:09.780', NULL, 1),
    (5078, 6, 105, N'СКБ: Оплата согласно графику банка', 1, '2023-08-29T08:27:09.780', NULL, 1),
    (5079, 6, 106, N'СКБ: Досрочное погашение', 1, '2023-08-29T08:27:09.780', NULL, 1),
    (5080, 6, 107, N'СКБ: Реализация залога', 1, '2023-08-29T08:27:09.780', NULL, 1),
    (5081, 6, 108, N'СКБ: Требуется начисление процентов и просуживание', 1, '2023-08-29T08:27:09.780', NULL, 1),
    (5964, 6, 109, N'Инвалидность (1 гр.)', 1, '2023-08-29T08:27:09.780', NULL, 1),
    (5968, 6, 110, N'Отзыв персональных данных', 1, '2023-08-29T08:27:09.780', NULL, 1),
    (6119, 6, 111, N'СКБ: Просужен, необходимо правопреемство', 1, '2023-08-29T08:27:09.780', NULL, 1),
    (6220, 6, 112, N'Мошенничество', 1, '2023-08-29T08:27:09.780', NULL, 1),
    (6992, 7, 0, N'Прямоугольник', 1, '2023-08-29T08:27:09.780', NULL, 1),
    (6993, 7, 1, N'Округленный прям.', 1, '2023-08-29T08:27:09.780', NULL, 1),
    (6994, 7, 2, N'Эллипс', 1, '2023-08-29T08:27:09.780', NULL, 1),
    (6995, 7, 3, N'Ромб', 1, '2023-08-29T08:27:09.780', NULL, 1),
    (6996, 7, 4, N'Квадрат', 1, '2023-08-29T08:27:09.780', NULL, 1),
    (4833, 8, 0, N'Not Indefined', 1, '2023-08-29T08:27:09.780', NULL, 4),
    (294, 8, 0, N'Не определен', 1, '2023-08-29T08:27:09.780', NULL, 1),
    (295, 8, 1, N'Число', 1, '2023-08-29T08:27:09.780', NULL, 1),
    (4834, 8, 1, N'Number', 1, '2023-08-29T08:27:09.780', NULL, 4),
    (4835, 8, 2, N'Date', 1, '2023-08-29T08:27:09.780', NULL, 4),
    (296, 8, 2, N'Дата', 1, '2023-08-29T08:27:09.780', NULL, 1),
    (297, 8, 3, N'Строка', 1, '2023-08-29T08:27:09.780', NULL, 1),
    (4836, 8, 3, N'String', 1, '2023-08-29T08:27:09.780', NULL, 4),
    (4837, 8, 4, N'Boolean variable', 1, '2023-08-29T08:27:09.780', NULL, 4),
    (298, 8, 4, N'Булевская переменная', 1, '2023-08-29T08:27:09.780', NULL, 1),
    (299, 8, 5, N'Деньги', 1, '2023-08-29T08:27:09.780', NULL, 1),
    (4838, 8, 5, N'Money', 1, '2023-08-29T08:27:09.780', NULL, 4),
    (4839, 8, 6, N'Dictionary', 1, '2023-08-29T08:27:09.780', NULL, 4),
    (300, 8, 6, N'Словарь', 1, '2023-08-29T08:27:09.780', NULL, 1),
    (787, 78, 1, N'Русский', 1, '2023-08-29T08:27:09.780', NULL, 1),
    (788, 78, 2, N'Украинский', 1, '2023-08-29T08:27:09.780', NULL, 1),
    (789, 78, 3, N'Молдавский', 1, '2023-08-29T08:27:09.780', NULL, 1),
    (3611, 78, 4, N'Английский', 1, '2023-08-29T08:27:09.780', NULL, 1),
    (3612, 78, 5, N'Вьетнамский', 1, '2023-08-29T08:27:09.780', NULL, 1),
    (6534, 99, 301, N'Акт о невозможности взыскания', NULL, '2023-08-29T08:27:09.780', NULL, 1),
    (6535, 99, 302, N'Выезд 1', NULL, '2023-08-29T08:27:09.780', NULL, 1),
    (6536, 99, 303, N'Выезд 2', NULL, '2023-08-29T08:27:09.780', NULL, 1),
    (6537, 99, 304, N'Выписка ЕГРП', 2, '2023-08-29T08:27:09.780', NULL, 1),
    (6538, 99, 305, N'Выписка с ЕГРИП', NULL, '2023-08-29T08:27:09.780', NULL, 1),
    (6539, 99, 306, N'Выписка с ЕГРЮЛ', NULL, '2023-08-29T08:27:09.780', NULL, 1),
    (7165, 99, 307, N'Выписка счета', NULL, '2023-08-29T08:27:09.780', NULL, 1),
    (6541, 99, 308, N'ГосОрганы', NULL, '2023-08-29T08:27:09.780', NULL, 1),
    (6542, 99, 309, N'График платежей', NULL, '2023-08-29T08:27:09.780', NULL, 1),
    (6543, 99, 310, N'Договор на SIM-карту', NULL, '2023-08-29T08:27:09.780', NULL, 1),
    (6544, 99, 311, N'Документ о залоговом имуществе', 2, '2023-08-29T08:27:09.780', NULL, 1),
    (6545, 99, 312, N'Документы банкротства', NULL, '2023-08-29T08:27:09.780', NULL, 1),
    (6546, 99, 313, N'Документы исполнительного производства', NULL, '2023-08-29T08:27:09.780', NULL, 1),
    (6547, 99, 314, N'Документы Кронос', 2, '2023-08-29T08:27:09.780', NULL, 1),
    (6548, 99, 315, N'Документы мошенничества (виновный не установлен)', NULL, '2023-08-29T08:27:09.780', NULL, 1),
    (6549, 99, 316, N'Документы мошенничества (виновный установлен)', NULL, '2023-08-29T08:27:09.780', NULL, 1),
    (6550, 99, 317, N'Документы мошенничества (иные)', NULL, '2023-08-29T08:27:09.780', NULL, 1),
    (6551, 99, 318, N'Документы по платежам', NULL, '2023-08-29T08:27:09.780', NULL, 1),
    (6552, 99, 319, N'Заявление', NULL, '2023-08-29T08:27:09.780', NULL, 1),
    (6553, 99, 320, N'Копия паспорта', NULL, '2023-08-29T08:27:09.780', NULL, 1),
    (6554, 99, 321, N'Кредитный договор', 2, '2023-08-29T08:27:09.780', NULL, 1),
    (6555, 99, 322, N'Ответ ЗАГС', 2, '2023-08-29T08:27:09.780', NULL, 1),
    (6556, 99, 323, N'Ответ нотариуса', NULL, '2023-08-29T08:27:09.780', NULL, 1),
    (6557, 99, 324, N'Разные документы', NULL, '2023-08-29T08:27:09.780', NULL, 1),
    (6558, 99, 325, N'Расчет задолженности', NULL, '2023-08-29T08:27:09.780', NULL, 1),
    (6559, 99, 326, N'Свидетельство о смерти', NULL, '2023-08-29T08:27:09.780', NULL, 1),
    (6560, 99, 327, N'Справка об утере ИД', 2, '2023-08-29T08:27:09.780', NULL, 1),
    (6561, 99, 328, N'Судебные документы', NULL, '2023-08-29T08:27:09.780', NULL, 1),
    (6562, 99, 329, N'Уведомление об уступке (договор с поставщиком)', NULL, '2023-08-29T08:27:09.780', NULL, 1),
    (6563, 99, 330, N'Уведомление об уступке (письмо)', NULL, '2023-08-29T08:27:09.780', NULL, 1),
    (6564, 99, 331, N'Уведомление об уступке (справка с адресами отправки)', 2, '2023-08-29T08:27:09.780', NULL, 1),
    (6565, 99, 332, N'Уведомление об уступке (справка об общем количестве)', 2, '2023-08-29T08:27:09.780', NULL, 1),
    (6658, 99, 333, N'Уведомление об уступке поручителю (письмо)', 2, '2023-08-29T08:27:09.780', NULL, 1),
    (6659, 99, 334, N'Уведомление об уступке поручителю (справка с адресами отправки)', 2, '2023-08-29T08:27:09.780', NULL, 1),
    (6660, 99, 335, N'Уведомление об уступке поручителю (справка об общем количестве)', 2, '2023-08-29T08:27:09.780', NULL, 1),
    (6661, 99, 336, N'Уведомление об уступке поручителю (договор с поставщиком)', 2, '2023-08-29T08:27:09.780', NULL, 1),
    (6662, 99, 337, N'Уведомление об уступке поручителю (гарантийное письмо)', 2, '2023-08-29T08:27:09.780', NULL, 1),
    (6666, 99, 338, N'Уведомление об уступке (гарантийное письмо)', 2, '2023-08-29T08:27:09.780', NULL, 1),
    (7243, 99, 339, N'Обращение', 2, '2023-08-29T08:27:09.780', NULL, 1),
    (7901, 99, 340, N'Выписка ЕГРН', 2, '2023-08-29T08:27:09.780', NULL, 1),
    (8111, 99, 341, N'Справка о смене номера КД', 2, '2023-08-29T08:27:09.780', NULL, 1),
    (8238, 99, 342, N'Справка о факте мошенничества от Банка', 2, '2023-08-29T08:27:09.780', NULL, 1),
    (9282, 99, 343, N'Доверенность', 2, '2024-05-24T14:33:12.543', NULL, 1),
    (9350, 99, 344, N'Уведомление о задолженности_ГЭПС (письмо)', 2, '2025-02-07T09:34:32.473', NULL, 1),
    (9352, 99, 345, N'Структура задолженности', 2, '2025-02-11T15:50:59.367', NULL, 1),
    (9443, 99, 346, N'Полученное уведомление по ШПИ', 2, '2025-04-09T12:10:28.983', NULL, 1),
    (9447, 99, 347, N'Документы по цессии', 2, '2025-04-21T13:58:53.787', NULL, 1),
    (9971, 99, 348, N'Участник СВО', 2, '2025-10-07T08:28:59.280', NULL, 1),
    (9975, 99, 349, N'Возврат ГП', 2, '2025-11-18T16:18:15.023', NULL, 1),
    (9986, 99, 350, N'Гос.Пошлина', 2, '2025-12-09T09:37:58.800', NULL, 1),
    (10080, 99, 351, N'Требование к Гос. органу', 2, '2026-02-02T10:04:31.747', NULL, 1),
    (10082, 99, 352, N'Требование к Гос. органу (УПИВИД)', 2, '2026-02-02T10:05:11.860', NULL, 1),
    (10141, 99, 353, N'Совершение нотариального действия (ЭИН на ФБ)', 2, '2026-04-16T17:45:24.470', NULL, 1),
    (10152, 99, 354, N'Требование к Филберт', 2, '2026-05-19T16:13:33.723', NULL, 1),
    (6683, 335, 1, N'Паспорт РФ', 2, '2023-08-29T08:27:09.780', NULL, 1),
    (6684, 335, 2, N'Паспорт СССР', 2, '2023-08-29T08:27:09.780', NULL, 1),
    (6685, 335, 3, N'Заграничный паспорт РФ', 2, '2023-08-29T08:27:09.780', NULL, 1),
    (6686, 335, 4, N'Дипломатический паспорт РФ', 2, '2023-08-29T08:27:09.780', NULL, 1),
    (6687, 335, 5, N'Служебный паспорт РФ', 2, '2023-08-29T08:27:09.780', NULL, 1),
    (6688, 335, 6, N'Заграничный паспорт СССР', 2, '2023-08-29T08:27:09.780', NULL, 1),
    (6982, 335, 7, N'Удостоверение личности военнослужащего', 2, '2023-08-29T08:27:09.780', NULL, 1),
    (6983, 335, 8, N'Временное удостоверение личности РФ', 2, '2023-08-29T08:27:09.780', NULL, 1),
    (6984, 335, 9, N'Документ иностранного гражданина', 2, '2023-08-29T08:27:09.780', NULL, 1);
GO

PRINT N'Inserting rows into dbo.dict_name: 11';
INSERT INTO [dbo].[dict_name] ([id], [code], [name], [typ], [NOT_USE])
VALUES
    (1, 1, N'Модули системы', 1, NULL),
    (2, 2, N'Тип действия', 1, NULL),
    (3, 3, N'Тип контакта', 1, 1),
    (4, 4, N'Тип телефона', 1, NULL),
    (5, 5, N'Тип адреса', 1, 1),
    (6, 6, N'Статус долга', 1, NULL),
    (7, 7, N'Название формы клетки', 1, NULL),
    (8, 8, N'Тип переменной', 1, NULL),
    (66, 78, N'Язык системы', 1, NULL),
    (99, 99, N'Тип вложения для ссылки', 2, NULL),
    (267, 335, N'Тип документа, удостоверяющего личность', 1, NULL);
GO

PRINT N'Inserting rows into dbo.doc_links: 100';
INSERT INTO [dbo].[doc_links] ([id], [obj_id], [r_id], [filename], [filepath], [link_typ], [r_user_id], [dt], [CHANGE_DT], [R_CREATE_USER_ID], [ACTUALITY])
VALUES
    (83050001, 30, 2701015, N'2701015_заявление должника вх.№01/9-180000 от 02.06.2025', N'O:\CONTACT.DOC\PFT20\2025-06-02\180000\59000.pdf', 319, NULL, '2025-06-02T08:15:00', NULL, 1321, NULL),
    (83050138, 8, 4101019, N'4101019_заявление должника', N'O:\CONTACT.DOC\PFT20\2025-06-03\180073\59029.pdf', 319, NULL, '2025-06-03T11:26:07.037', NULL, 4144, NULL),
    (83050275, 8, 4101018, N'4101018_копия паспорта', N'O:\CONTACT.DOC\PFT20\2025-06-04\180146\59058.pdf', 320, NULL, '2025-06-04T14:37:14.074', NULL, 3475, NULL),
    (83050412, 8, 4101017, N'4101017_служебная записка', N'O:\CONTACT.DOC\PFT20\2025-06-05\180219\59087.pdf', 324, NULL, '2025-06-05T17:48:21.111', NULL, 3658, NULL),
    (83050549, 8, 4101016, N'4101016_судебный приказ', N'O:\CONTACT.DOC\PFT20\2025-06-06\180292\59116.pdf', 328, NULL, '2025-06-06T10:59:28.148', NULL, 1536, NULL),
    (83050686, 8, 4101015, N'4101015_заявление должника', N'O:\CONTACT.DOC\PFT20\2025-06-07\180365\59145.pdf', 319, NULL, '2025-06-07T14:10:35.185', NULL, 4065, NULL),
    (83050823, 8, 4101014, N'4101014_расчет задолженности', N'O:\CONTACT.DOC\PFT20\2025-06-08\180438\59174.pdf', 325, NULL, '2025-06-08T16:21:42.222', NULL, 4065, NULL),
    (83050960, 8, 4101013, N'4101013_заявление должника', N'O:\CONTACT.DOC\PFT20\2025-06-09\180511\59203.pdf', 319, NULL, '2025-06-09T09:32:49.259', NULL, 4065, NULL),
    (83051097, 8, 4101012, N'4101012_кредитный договор', N'O:\CONTACT.DOC\PFT20\2025-06-10\180584\59232.pdf', 321, NULL, '2025-06-10T12:43:56.296', NULL, 1536, NULL),
    (83051234, 8, 4101011, N'4101011_расчет задолженности', N'O:\CONTACT.DOC\PFT20\2025-06-11\180657\59261.pdf', 325, NULL, '2025-06-11T15:54:03.333', NULL, 4086, NULL),
    (83051371, 8, 4101010, N'4101010_расчет задолженности', N'O:\CONTACT.DOC\PFT20\2025-06-12\180730\59290.pdf', 325, NULL, '2025-06-12T09:05:10.370', NULL, 215, NULL),
    (83051508, 8, 4101009, N'4101009_кредитный договор вх.№01/9-180803 от 13.06.2025', N'O:\CONTACT.DOC\PFT20\2025-06-13\180803\59319.pdf', 321, NULL, '2025-06-13T11:16:17.407', NULL, 4214, NULL),
    (83051645, 8, 4101008, N'4101008_служебная записка', N'O:\CONTACT.DOC\PFT20\2025-06-14\180876\59348.pdf', 324, NULL, '2025-06-14T14:27:24.444', NULL, 4065, NULL),
    (83051782, 8, 4101007, N'4101007_расчет задолженности', N'O:\CONTACT.DOC\PFT20\2025-06-15\180949\59377.pdf', 325, NULL, '2025-06-15T17:38:31.481', NULL, 4065, NULL),
    (83051919, 8, 4101006, N'4101006_служебная записка', N'O:\CONTACT.DOC\PFT20\2025-06-16\181022\59406.pdf', 324, NULL, '2025-06-16T10:49:38.518', NULL, 1536, NULL),
    (83052056, 8, 4101005, N'4101005_заявление должника', N'O:\CONTACT.DOC\PFT20\2025-06-17\181095\59435.pdf', 319, NULL, '2025-06-17T14:00:45.555', NULL, 4065, NULL),
    (83052193, 8, 4101004, N'4101004_ответ ФССП', N'O:\CONTACT.DOC\PFT20\2025-06-18\181168\59464.pdf', 313, NULL, '2025-06-18T17:11:52.592', NULL, 3834, NULL),
    (83052330, 30, 2701013, N'2701013_копия паспорта', N'O:\CONTACT.DOC\PFT20\2025-06-19\181241\59493.pdf', 320, NULL, '2025-06-19T09:22:59.629', NULL, 3658, NULL),
    (83052467, 8, 4101002, N'4101002_заявление должника', N'O:\CONTACT.DOC\PFT20\2025-06-20\181314\59522.pdf', 319, NULL, '2025-06-20T12:33:06.666', NULL, 4144, NULL),
    (83052604, 27, 3701011, N'3701011_копия паспорта', N'O:\CONTACT.DOC\PFT20\2025-06-21\181387\59551.pdf', 320, NULL, '2025-06-21T15:44:13.703', NULL, 4065, NULL),
    (83052741, 8, 4101020, N'4101020_кредитный договор', N'O:\CONTACT.DOC\PFT20\2025-06-22\181460\59580.pdf', 321, NULL, '2025-06-22T08:55:20.740', NULL, 1536, NULL),
    (83052878, 8, 4101019, N'4101019_заявление должника', N'O:\CONTACT.DOC\PFT20\2025-06-23\181533\59609.pdf', 319, NULL, '2025-06-23T12:06:27.777', NULL, 3502, NULL),
    (83053015, 8, 4101018, N'4101018_ответ ФССП вх.№01/9-181606 от 24.06.2025', N'O:\CONTACT.DOC\PFT20\2025-06-24\181606\59638.pdf', 313, NULL, '2025-06-24T14:17:34.814', NULL, 1536, NULL),
    (83053152, 8, 4101017, N'4101017_служебная записка', N'O:\CONTACT.DOC\PFT20\2025-06-25\181679\59667.pdf', 324, NULL, '2025-06-25T17:28:41.851', NULL, 4214, NULL),
    (83053289, 8, 4101016, N'4101016_кредитный договор', N'O:\CONTACT.DOC\PFT20\2025-06-26\181752\59696.pdf', 321, NULL, '2025-06-26T10:39:48.888', NULL, 3834, NULL),
    (83053426, 8, 4101015, N'4101015_ответ ФССП', N'O:\CONTACT.DOC\PFT20\2025-06-27\181825\59725.pdf', 313, NULL, '2025-06-27T13:50:55.925', NULL, 4144, NULL),
    (83053563, 8, 4101014, N'4101014_копия паспорта', N'O:\CONTACT.DOC\PFT20\2025-06-02\181898\59754.pdf', 320, NULL, '2025-06-02T17:01:02.962', NULL, 4065, NULL),
    (83053700, 8, 4101013, N'4101013_расчет задолженности', N'O:\CONTACT.DOC\PFT20\2025-06-03\181971\59783.pdf', 325, NULL, '2025-06-03T10:12:09.999', NULL, 4144, NULL),
    (83053837, 8, 4101012, N'4101012_служебная записка', N'O:\CONTACT.DOC\PFT20\2025-06-04\182044\59812.pdf', 324, NULL, '2025-06-04T12:23:16.036', NULL, 4214, NULL),
    (83053974, 8, 4101011, N'4101011_ответ ФССП', N'O:\CONTACT.DOC\PFT20\2025-06-05\182117\59841.pdf', 313, NULL, '2025-06-05T15:34:23.073', NULL, 3658, NULL),
    (83054111, 8, 4101010, N'4101010_ответ ФССП', N'O:\CONTACT.DOC\PFT20\2025-06-06\182190\59870.pdf', 313, NULL, '2025-06-06T08:45:30.110', NULL, 4214, NULL),
    (83054248, 8, 4101009, N'4101009_судебный приказ', N'O:\CONTACT.DOC\PFT20\2025-06-07\182263\59899.pdf', 328, NULL, '2025-06-07T11:56:37.147', NULL, 1321, NULL),
    (83054385, 8, 4101008, N'4101008_судебный приказ', N'O:\CONTACT.DOC\PFT20\2025-06-08\182336\59928.pdf', 328, NULL, '2025-06-08T15:07:44.184', NULL, 3658, NULL),
    (83054522, 8, 4101007, N'4101007_ответ ФССП вх.№01/9-182409 от 09.06.2025', N'O:\CONTACT.DOC\PFT20\2025-06-09\182409\59957.pdf', 313, NULL, '2025-06-09T17:18:51.221', NULL, 3502, NULL),
    (83054659, 30, 2701011, N'2701011_копия паспорта', N'O:\CONTACT.DOC\PFT20\2025-06-10\182482\59986.pdf', 320, NULL, '2025-06-10T10:29:58.258', NULL, 3834, NULL),
    (83054796, 8, 4101005, N'4101005_ответ ФССП', N'O:\CONTACT.DOC\PFT20\2025-06-11\182555\60015.pdf', 313, NULL, '2025-06-11T13:40:05.295', NULL, 3658, NULL),
    (83054933, 8, 4101004, N'4101004_служебная записка', N'O:\CONTACT.DOC\PFT20\2025-06-12\182628\60044.pdf', 324, NULL, '2025-06-12T16:51:12.332', NULL, 4214, NULL),
    (83055070, 8, 4101003, N'4101003_расчет задолженности', N'O:\CONTACT.DOC\PFT20\2025-06-13\182701\60073.pdf', 325, NULL, '2025-06-13T10:02:19.369', NULL, 1321, NULL),
    (83055207, 27, 3701007, N'3701007_ответ ФССП', N'O:\CONTACT.DOC\PFT20\2025-06-14\182774\60102.pdf', 313, NULL, '2025-06-14T13:13:26.406', NULL, 1321, NULL),
    (83055344, 8, 4101001, N'4101001_расчет задолженности', N'O:\CONTACT.DOC\PFT20\2025-06-15\182847\60131.pdf', 325, NULL, '2025-06-15T15:24:33.443', NULL, 3658, NULL),
    (83055481, 8, 4101020, N'4101020_кредитный договор', N'O:\CONTACT.DOC\PFT20\2025-06-16\182920\60160.pdf', 321, NULL, '2025-06-16T08:35:40.480', NULL, 4065, NULL),
    (83055618, 8, 4101019, N'4101019_судебный приказ', N'O:\CONTACT.DOC\PFT20\2025-06-17\182993\60189.pdf', 328, NULL, '2025-06-17T11:46:47.517', NULL, 4144, NULL),
    (83055755, 8, 4101018, N'4101018_копия паспорта', N'O:\CONTACT.DOC\PFT20\2025-06-18\183066\60218.pdf', 320, NULL, '2025-06-18T14:57:54.554', NULL, 3658, NULL),
    (83055892, 8, 4101017, N'4101017_служебная записка', N'O:\CONTACT.DOC\PFT20\2025-06-19\183139\60247.pdf', 324, NULL, '2025-06-19T18:08:01.591', NULL, 1321, NULL),
    (83056029, 8, 4101016, N'4101016_расчет задолженности вх.№01/9-183212 от 20.06.2025', N'O:\CONTACT.DOC\PFT20\2025-06-20\183212\60276.pdf', 325, NULL, '2025-06-20T10:19:08.628', NULL, 1321, NULL),
    (83056166, 8, 4101015, N'4101015_ответ ФССП', N'O:\CONTACT.DOC\PFT20\2025-06-21\183285\60305.pdf', 313, NULL, '2025-06-21T13:30:15.665', NULL, 4214, NULL),
    (83056303, 8, 4101014, N'4101014_копия паспорта', N'O:\CONTACT.DOC\PFT20\2025-06-22\183358\60334.pdf', 320, NULL, '2025-06-22T16:41:22.702', NULL, 3658, NULL),
    (83056440, 8, 4101013, N'4101013_расчет задолженности', N'O:\CONTACT.DOC\PFT20\2025-06-23\183431\60363.pdf', 325, NULL, '2025-06-23T09:52:29.739', NULL, 4144, NULL),
    (83056577, 8, 4101012, N'4101012_расчет задолженности', N'O:\CONTACT.DOC\PFT20\2025-06-24\183504\60392.pdf', 325, NULL, '2025-06-24T13:03:36.776', NULL, 3475, NULL),
    (83056714, 8, 4101011, N'4101011_судебный приказ', N'O:\CONTACT.DOC\PFT20\2025-06-25\183577\60421.pdf', 328, NULL, '2025-06-25T16:14:43.813', NULL, 3834, NULL),
    (83056851, 8, 4101010, N'4101010_копия паспорта', N'O:\CONTACT.DOC\PFT20\2025-06-26\183650\60450.pdf', 320, NULL, '2025-06-26T08:25:50.850', NULL, 1321, NULL),
    (83056988, 30, 2701009, N'2701009_ответ ФССП', N'O:\CONTACT.DOC\PFT20\2025-06-27\183723\60479.pdf', 313, NULL, '2025-06-27T11:36:57.887', NULL, 215, NULL),
    (83057125, 8, 4101008, N'4101008_копия паспорта', N'O:\CONTACT.DOC\PFT20\2025-06-02\183796\60508.pdf', 320, NULL, '2025-06-02T14:47:04.924', NULL, 3658, NULL),
    (83057262, 8, 4101007, N'4101007_кредитный договор', N'O:\CONTACT.DOC\PFT20\2025-06-03\183869\60537.pdf', 321, NULL, '2025-06-03T17:58:11.961', NULL, 4214, NULL),
    (83057399, 8, 4101006, N'4101006_кредитный договор', N'O:\CONTACT.DOC\PFT20\2025-06-04\183942\60566.pdf', 321, NULL, '2025-06-04T11:09:18.998', NULL, 1321, NULL),
    (83057536, 8, 4101005, N'4101005_копия паспорта вх.№01/9-184015 от 05.06.2025', N'O:\CONTACT.DOC\PFT20\2025-06-05\184015\60595.pdf', 320, NULL, '2025-06-05T13:20:25.035', NULL, 3658, NULL),
    (83057673, 8, 4101004, N'4101004_расчет задолженности', N'O:\CONTACT.DOC\PFT20\2025-06-06\184088\60624.pdf', 325, NULL, '2025-06-06T16:31:32.072', NULL, 4065, NULL),
    (83057810, 27, 3701003, N'3701003_судебный приказ', N'O:\CONTACT.DOC\PFT20\2025-06-07\184161\60653.pdf', 328, NULL, '2025-06-07T09:42:39.109', NULL, 4065, NULL),
    (83057947, 8, 4101002, N'4101002_заявление должника', N'O:\CONTACT.DOC\PFT20\2025-06-08\184234\60682.pdf', 319, NULL, '2025-06-08T12:53:46.146', NULL, 4086, NULL),
    (83058084, 8, 4101001, N'4101001_заявление должника', N'O:\CONTACT.DOC\PFT20\2025-06-09\184307\60711.pdf', 319, NULL, '2025-06-09T16:04:53.183', NULL, 1536, NULL),
    (83058221, 8, 4101020, N'4101020_заявление должника', N'O:\CONTACT.DOC\PFT20\2025-06-10\184380\60740.pdf', 319, NULL, '2025-06-10T08:15:00.220', NULL, 4144, NULL),
    (83058358, 8, 4101019, N'4101019_судебный приказ', N'O:\CONTACT.DOC\PFT20\2025-06-11\184453\60769.pdf', 328, NULL, '2025-06-11T11:26:07.257', NULL, 4144, NULL),
    (83058495, 8, 4101018, N'4101018_ответ ФССП', N'O:\CONTACT.DOC\PFT20\2025-06-12\184526\60798.pdf', 313, NULL, '2025-06-12T14:37:14.294', NULL, 215, NULL),
    (83058632, 8, 4101017, N'4101017_судебный приказ', N'O:\CONTACT.DOC\PFT20\2025-06-13\184599\60827.pdf', 328, NULL, '2025-06-13T17:48:21.331', NULL, 4144, NULL),
    (83058769, 8, 4101016, N'4101016_судебный приказ', N'O:\CONTACT.DOC\PFT20\2025-06-14\184672\60856.pdf', 328, NULL, '2025-06-14T10:59:28.368', NULL, 1321, NULL),
    (83058906, 8, 4101015, N'4101015_заявление должника', N'O:\CONTACT.DOC\PFT20\2025-06-15\184745\60885.pdf', 319, NULL, '2025-06-15T14:10:35.405', NULL, 3502, NULL),
    (83059043, 8, 4101014, N'4101014_кредитный договор вх.№01/9-184818 от 16.06.2025', N'O:\CONTACT.DOC\PFT20\2025-06-16\184818\60914.pdf', 321, NULL, '2025-06-16T16:21:42.442', NULL, 1321, NULL),
    (83059180, 8, 4101013, N'4101013_кредитный договор', N'O:\CONTACT.DOC\PFT20\2025-06-17\184891\60943.pdf', 321, NULL, '2025-06-17T09:32:49.479', NULL, 3834, NULL),
    (83059317, 30, 2701007, N'2701007_копия паспорта', N'O:\CONTACT.DOC\PFT20\2025-06-18\184964\60972.pdf', 320, NULL, '2025-06-18T12:43:56.516', NULL, 4065, NULL),
    (83059454, 8, 4101011, N'4101011_кредитный договор', N'O:\CONTACT.DOC\PFT20\2025-06-19\185037\61001.pdf', 321, NULL, '2025-06-19T15:54:03.553', NULL, 3502, NULL),
    (83059591, 8, 4101010, N'4101010_ответ ФССП', N'O:\CONTACT.DOC\PFT20\2025-06-20\185110\61030.pdf', 313, NULL, '2025-06-20T09:05:10.590', NULL, 3502, NULL),
    (83059728, 8, 4101009, N'4101009_судебный приказ', N'O:\CONTACT.DOC\PFT20\2025-06-21\185183\61059.pdf', 328, NULL, '2025-06-21T11:16:17.627', NULL, 3502, NULL),
    (83059865, 8, 4101008, N'4101008_судебный приказ', N'O:\CONTACT.DOC\PFT20\2025-06-22\185256\61088.pdf', 328, NULL, '2025-06-22T14:27:24.664', NULL, 4086, NULL),
    (83060002, 8, 4101007, N'4101007_заявление должника', N'O:\CONTACT.DOC\PFT20\2025-06-23\185329\61117.pdf', 319, NULL, '2025-06-23T17:38:31.701', NULL, 215, NULL),
    (83060139, 8, 4101006, N'4101006_расчет задолженности', N'O:\CONTACT.DOC\PFT20\2025-06-24\185402\61146.pdf', 325, NULL, '2025-06-24T10:49:38.738', NULL, 3475, NULL),
    (83060276, 8, 4101005, N'4101005_ответ ФССП', N'O:\CONTACT.DOC\PFT20\2025-06-25\185475\61175.pdf', 313, NULL, '2025-06-25T14:00:45.775', NULL, 4144, NULL),
    (83060413, 27, 3701014, N'3701014_ответ ФССП', N'O:\CONTACT.DOC\PFT20\2025-06-26\185548\61204.pdf', 313, NULL, '2025-06-26T17:11:52.812', NULL, 4086, NULL),
    (83060550, 8, 4101003, N'4101003_кредитный договор вх.№01/9-185621 от 27.06.2025', N'O:\CONTACT.DOC\PFT20\2025-06-27\185621\61233.pdf', 321, NULL, '2025-06-27T09:22:59.849', NULL, 3834, NULL),
    (83060687, 8, 4101002, N'4101002_заявление должника', N'O:\CONTACT.DOC\PFT20\2025-06-02\185694\61262.pdf', 319, NULL, '2025-06-02T12:33:06.886', NULL, 3834, NULL),
    (83060824, 8, 4101001, N'4101001_служебная записка', N'O:\CONTACT.DOC\PFT20\2025-06-03\185767\61291.pdf', 324, NULL, '2025-06-03T15:44:13.923', NULL, 4214, NULL),
    (83060961, 8, 4101020, N'4101020_кредитный договор', N'O:\CONTACT.DOC\PFT20\2025-06-04\185840\61320.pdf', 321, NULL, '2025-06-04T08:55:20.960', NULL, 3658, NULL),
    (83061098, 8, 4101019, N'4101019_копия паспорта', N'O:\CONTACT.DOC\PFT20\2025-06-05\185913\61349.pdf', 320, NULL, '2025-06-05T12:06:27.997', NULL, 4214, NULL),
    (83061235, 8, 4101018, N'4101018_копия паспорта', N'O:\CONTACT.DOC\PFT20\2025-06-06\185986\61378.pdf', 320, NULL, '2025-06-06T14:17:34.034', NULL, 1536, NULL),
    (83061372, 8, 4101017, N'4101017_служебная записка', N'O:\CONTACT.DOC\PFT20\2025-06-07\186059\61407.pdf', 324, NULL, '2025-06-07T17:28:41.071', NULL, 3834, NULL),
    (83061509, 8, 4101016, N'4101016_заявление должника', N'O:\CONTACT.DOC\PFT20\2025-06-08\186132\61436.pdf', 319, NULL, '2025-06-08T10:39:48.108', NULL, 3834, NULL),
    (83061646, 30, 2701005, N'2701005_заявление должника', N'O:\CONTACT.DOC\PFT20\2025-06-09\186205\61465.pdf', 319, NULL, '2025-06-09T13:50:55.145', NULL, 4086, NULL),
    (83061783, 8, 4101014, N'4101014_заявление должника', N'O:\CONTACT.DOC\PFT20\2025-06-10\186278\61494.pdf', 319, NULL, '2025-06-10T17:01:02.182', NULL, 4144, NULL),
    (83061920, 8, 4101013, N'4101013_судебный приказ', N'O:\CONTACT.DOC\PFT20\2025-06-11\186351\61523.pdf', 328, NULL, '2025-06-11T10:12:09.219', NULL, 3475, NULL),
    (83062057, 8, 4101012, N'4101012_заявление должника вх.№01/9-186424 от 12.06.2025', N'O:\CONTACT.DOC\PFT20\2025-06-12\186424\61552.pdf', 319, NULL, '2025-06-12T12:23:16.256', NULL, 1321, NULL),
    (83062194, 8, 4101011, N'4101011_кредитный договор', N'O:\CONTACT.DOC\PFT20\2025-06-13\186497\61581.pdf', 321, NULL, '2025-06-13T15:34:23.293', NULL, 4086, NULL),
    (83062331, 8, 4101010, N'4101010_копия паспорта', N'O:\CONTACT.DOC\PFT20\2025-06-14\186570\61610.pdf', 320, NULL, '2025-06-14T08:45:30.330', NULL, 3834, NULL),
    (83062468, 8, 4101009, N'4101009_служебная записка', N'O:\CONTACT.DOC\PFT20\2025-06-15\186643\61639.pdf', 324, NULL, '2025-06-15T11:56:37.367', NULL, 215, NULL),
    (83062605, 8, 4101008, N'4101008_копия паспорта', N'O:\CONTACT.DOC\PFT20\2025-06-16\186716\61668.pdf', 320, NULL, '2025-06-16T15:07:44.404', NULL, 3502, NULL),
    (83062742, 8, 4101007, N'4101007_служебная записка', N'O:\CONTACT.DOC\PFT20\2025-06-17\186789\61697.pdf', 324, NULL, '2025-06-17T17:18:51.441', NULL, 3502, NULL),
    (83062879, 8, 4101006, N'4101006_расчет задолженности', N'O:\CONTACT.DOC\PFT20\2025-06-18\186862\61726.pdf', 325, NULL, '2025-06-18T10:29:58.478', NULL, 1536, NULL),
    (83063016, 27, 3701010, N'3701010_заявление должника', N'O:\CONTACT.DOC\PFT20\2025-06-19\186935\61755.pdf', 319, NULL, '2025-06-19T13:40:05.515', NULL, 1536, NULL),
    (83063153, 8, 4101004, N'4101004_заявление должника', N'O:\CONTACT.DOC\PFT20\2025-06-20\187008\61784.pdf', 319, NULL, '2025-06-20T16:51:12.552', NULL, 4086, NULL),
    (83063290, 8, 4101003, N'4101003_расчет задолженности', N'O:\CONTACT.DOC\PFT20\2025-06-21\187081\61813.pdf', 325, NULL, '2025-06-21T10:02:19.589', NULL, 4144, NULL),
    (83063427, 8, 4101002, N'4101002_судебный приказ', N'O:\CONTACT.DOC\PFT20\2025-06-22\187154\61842.pdf', 328, NULL, '2025-06-22T13:13:26.626', NULL, 4214, NULL),
    (83063564, 8, 4101001, N'4101001_кредитный договор вх.№01/9-187227 от 23.06.2025', N'O:\CONTACT.DOC\PFT20\2025-06-23\187227\61871.pdf', 321, NULL, '2025-06-23T15:24:33.663', NULL, 215, NULL);
GO

PRINT N'Inserting rows into dbo.passport: 18';
INSERT INTO [dbo].[passport] ([id], [series], [number], [dt], [place], [load_dt], [end_dt], [depart_code])
VALUES
    (3701015, N'5212', N'644363', '2007-09-17T00:00:00', N'ГУ МВД России по г. Москве', '2026-05-26T15:43:10.410', NULL, N'770-041'),
    (3701014, N'5220', N'760828', '2014-04-06T00:00:00', N'ОТДЕЛОМ УФМС РОССИИ ПО НИЖЕГОРОДСКОЙ ОБЛАСТИ', '2026-05-26T15:43:11.411', NULL, N'520-019'),
    (3701013, N'6621', N'404036', '2001-01-28T00:00:00', N'ОТДЕЛОМ МВД РОССИИ ПО ВАХИТОВСКОМУ РАЙОНУ Г. КАЗАНИ В РАЙОНЕ ЦЕНТРАЛЬНЫЙ', '2026-05-26T15:43:12.412', NULL, N'160-012'),
    (3701012, N'7218', N'254188', '2021-06-21T00:00:00', N'УМВД России ПО ТЮМЕНСКОЙ ОБЛАСТИ', '2026-05-26T15:43:13.413', NULL, N'720-006'),
    (3701011, N'5920', N'639344', '1996-11-12T00:00:00', N'ГУ МВД РОССИИ ПО НОВОСИБИРСКОЙ ОБЛАСТИ', '2026-05-26T15:43:14.414', NULL, N'540-002'),
    (3701010, N'4519', N'979751', '2018-03-25T00:00:00', N'ОТДЕЛОМ МВД РОССИИ ПО Г. ПЯТИГОРСКУ', '2026-05-26T15:43:15.415', NULL, N'260-014'),
    (3701009, N'5920', N'115191', '2009-05-28T00:00:00', N'ГУ МВД России ПО ВОРОНЕЖСКОЙ ОБЛАСТИ', '2026-05-26T15:43:16.416', NULL, N'360-008'),
    (3701008, N'5211', N'741214', '2012-12-19T00:00:00', N'ОТДЕЛОМ УФМС России ПО САМАРСКОЙ ОБЛАСТИ', '2026-05-26T15:43:17.417', NULL, N'630-011'),
    (3701007, N'5223', N'178499', '2023-07-14T00:00:00', N'ОТДЕЛОМ МВД РОССИИ ПО Г. КАЛУГЕ', '2026-05-26T15:43:18.418', NULL, N'400-004'),
    (3701006, N'4512', N'285470', '2005-10-28T00:00:00', N'УМВД России ПО УЛЬЯНОВСКОЙ ОБЛАСТИ', '2026-05-26T15:43:19.419', NULL, N'730-007'),
    (3701005, N'6317', N'312678', '2019-02-10T00:00:00', N'ОТДЕЛОМ МВД РОССИИ ПО Г. СОЧИ', '2026-05-26T15:43:20.420', NULL, N'230-021'),
    (3701004, N'6617', N'709623', '1999-08-07T00:00:00', N'УМВД России ПО ОМСКОЙ ОБЛАСТИ', '2026-05-26T15:43:21.421', NULL, N'550-003'),
    (3701003, N'5420', N'383184', '2016-01-16T00:00:00', N'ОТДЕЛОМ МВД РОССИИ ПО ИРКУТСКОЙ ОБЛАСТИ В РАЙОНЕ ЦЕНТРАЛЬНЫЙ', '2026-05-26T15:43:22.422', NULL, N'380-005'),
    (3701002, N'4518', N'850947', '2011-04-28T00:00:00', N'ГУ МВД России ПО РЕСПУБЛИКЕ БАШКОРТОСТАН', '2026-05-26T15:43:23.423', NULL, N'020-013'),
    (3701001, N'7216', N'337829', '2022-09-11T00:00:00', N'УМВД РОССИИ ПО ПРИМОРСКОМУ КРАЮ', '2026-05-26T15:43:24.424', NULL, N'250-009'),
    (3701000, N'7819', N'482117', '2019-07-18T00:00:00', N'ОТДЕЛОМ МВД РОССИИ ПО Г. САНКТ-ПЕТЕРБУРГУ', '2026-05-26T15:43:31.425', NULL, N'780-015'),
    (3700999, N'0218', N'770402', '2018-11-09T00:00:00', N'ГУ МВД РОССИИ ПО РЕСПУБЛИКЕ БАШКОРТОСТАН', '2026-05-26T15:43:32.426', NULL, N'020-011'),
    (3700998, N'2517', N'614890', '2017-03-28T00:00:00', N'УМВД РОССИИ ПО ПРИМОРСКОМУ КРАЮ', '2026-05-26T15:43:33.427', NULL, N'250-004');
GO

PRINT N'Inserting rows into dbo.person: 15';
INSERT INTO [dbo].[person] ([id], [f], [i], [o], [birth_date], [importance], [r_passport_id], [dsc], [sex], [email], [typ], [inn], [ogrn], [load_dt], [birth_place], [SNILS], [DEATH_DT])
VALUES
    (2701015, N'Миронова', N'Екатерина', N'Олеговна', '1987-05-14T00:00:00', 3, 3701015, N'Импортировано при загрузке данных.', N'ж', NULL, 1, N'590412345679', NULL, '2026-05-26T15:43:00', N'Г. ПЕРМЬ', NULL, NULL),
    (2701014, N'Сафонов', N'Артём', N'Евгеньевич', '1994-12-03T00:00:00', 3, 3701014, N'Импортировано при загрузке данных.', N'м', NULL, 1, N'526023456710', NULL, '2026-05-26T15:43:00', N'Гор. Нижний Новгород', N'10000739165', '2016-03-01T00:00:00'),
    (2701013, N'Кравцов', N'Максим', N'Николаевич', '1981-09-27T00:00:00', 3, 3701013, N'Импортировано при загрузке данных.', N'м', NULL, 1, N'165034567817', NULL, '2026-05-26T15:43:00', N'РЕСПУБЛИКА ТАТАРСТАН, Г. КАЗАНЬ', NULL, NULL),
    (2701012, N'Григорьева', N'Полина', N'Сергеевна', '2001-02-18T00:00:00', 3, 3701012, N'Импортировано при загрузке данных.', N'ж', NULL, 1, N'720145678955', NULL, '2026-05-26T15:43:00', N'Г. ТЮМЕНЬ', NULL, NULL),
    (2701011, N'Лазарев', N'Никита', N'Павлович', '1976-07-09T00:00:00', 3, 3701011, N'Импортировано при загрузке данных.', N'м', NULL, 1, N'540256789048', NULL, '2026-05-26T15:43:00', N'Г. НОВОСИБИРСК НОВОСИБИРСКАЯ ОБЛАСТЬ', N'10002956486', NULL),
    (2701010, N'Захарова', N'Алина', N'Дмитриевна', '1998-11-22T00:00:00', 3, 3701010, N'Импортировано при загрузке данных.', N'ж', NULL, 1, N'263067890194', NULL, '2026-05-26T15:43:00', N'СТАВРОПОЛЬСКИЙ КРАЙ, Г. ПЯТИГОРСК', NULL, NULL),
    (2701009, N'Белов', N'Андрей', N'Игоревич', '1989-01-30T00:00:00', 3, 3701009, N'Импортировано при загрузке данных.', N'м', NULL, 1, N'366178901202', NULL, '2026-05-26T15:43:00', N'Г. ВОРОНЕЖ', NULL, NULL),
    (2701008, N'Соколова', N'Вероника', N'Андреевна', '1992-08-16T00:00:00', 3, 3701008, N'Импортировано при загрузке данных.', N'ж', NULL, 1, N'631289012350', NULL, '2026-05-26T15:43:00', N'РОССИЯ, Г. САМАРА', NULL, NULL),
    (2701007, N'Чернышев', N'Тимофей', N'Романович', '2004-03-11T00:00:00', 3, 3701007, N'Импортировано при загрузке данных.', N'м', NULL, 1, N'402390123465', NULL, '2026-05-26T15:43:00', N'Г. КАЛУГА', N'10005912885', NULL),
    (2701006, N'Орлова', N'Дарья', N'Константиновна', '1985-06-25T00:00:00', 3, 3701006, N'Импортировано при загрузке данных.', N'ж', NULL, 1, N'732401234544', NULL, '2026-05-26T15:43:00', N'Г. УЛЬЯНОВСК', NULL, NULL),
    (2701005, N'Калинин', N'Михаил', N'Алексеевич', '1999-10-07T00:00:00', 3, 3701005, N'Импортировано при загрузке данных.', N'м', NULL, 1, N'231512345607', NULL, '2026-05-26T15:43:00', N'КРАСНОДАРСКИЙ КРАЙ, Г. СОЧИ', NULL, '2020-11-09T00:00:00'),
    (2701004, N'Фомина', N'Марина', N'Викторовна', '1979-04-04T00:00:00', 3, 3701004, N'Импортировано при загрузке данных.', N'ж', NULL, 1, N'550623456703', NULL, '2026-05-26T15:43:00', N'Г. ОМСК ОМСКАЯ ОБЛАСТЬ', NULL, NULL),
    (2701003, N'Романов', N'Кирилл', N'Денисович', '1996-09-13T00:00:00', 3, 3701003, N'Импортировано при загрузке данных.', N'м', NULL, 1, N'384334567814', NULL, '2026-05-26T15:43:00', N'Г. ИРКУТСК', N'10008869218', NULL),
    (2701002, N'Никитина', N'Ольга', N'Ильинична', '1991-12-29T00:00:00', 3, 3701002, N'Импортировано при загрузке данных.', N'ж', NULL, 1, N'027445678935', NULL, '2026-05-26T15:43:00', N'РЕСП. БАШКОРТОСТАН, Г. УФА', NULL, NULL),
    (2701001, N'Киселёв', N'Владислав', N'Антонович', '2002-05-08T00:00:00', 3, 3701001, N'Импортировано при загрузке данных.', N'м', NULL, 1, N'254056789039', NULL, '2026-05-26T15:43:00', N'ПРИМОРСКИЙ КРАЙ, Г. ВЛАДИВОСТОК', NULL, NULL);
GO

PRINT N'Inserting rows into dbo.table_spec: 9';
INSERT INTO [dbo].[table_spec] ([id], [name], [dsc])
VALUES
    (3, N'column_spec', N'Описатель столбцов таблиц'),
    (8, N'debt', N'Данные о долгах'),
    (13, N'dict', N'Словарные термины'),
    (14, N'dict_name', N'Описатель словаря'),
    (16, N'doc_links', N'Пути к вложениям на диске'),
    (27, N'passport', N'Паспортные данные'),
    (30, N'person', N'Данные о персонах'),
    (35, N'table_spec', N'Описатель таблиц'),
    (68, N'bank', N'Информация о банке');
GO

PRINT N'Adding table and column descriptions';
GO

EXEC sys.sp_addextendedproperty
    @name=N'MS_Description',
    @value=N'информация о банке',
    @level0type=N'SCHEMA', @level0name=N'dbo',
    @level1type=N'TABLE', @level1name=N'bank';
GO

EXEC sys.sp_addextendedproperty
    @name=N'MS_Description',
    @value=N'Уникальный идентификатор',
    @level0type=N'SCHEMA', @level0name=N'dbo',
    @level1type=N'TABLE', @level1name=N'bank',
    @level2type=N'COLUMN', @level2name=N'id';
GO

EXEC sys.sp_addextendedproperty
    @name=N'MS_Description',
    @value=N'сокращенное наименование банка',
    @level0type=N'SCHEMA', @level0name=N'dbo',
    @level1type=N'TABLE', @level1name=N'bank',
    @level2type=N'COLUMN', @level2name=N'name';
GO

EXEC sys.sp_addextendedproperty
    @name=N'MS_Description',
    @value=N'полное наименоване банка',
    @level0type=N'SCHEMA', @level0name=N'dbo',
    @level1type=N'TABLE', @level1name=N'bank',
    @level2type=N'COLUMN', @level2name=N'full_name';
GO

EXEC sys.sp_addextendedproperty
    @name=N'MS_Description',
    @value=N'реквизиты',
    @level0type=N'SCHEMA', @level0name=N'dbo',
    @level1type=N'TABLE', @level1name=N'bank',
    @level2type=N'COLUMN', @level2name=N'pay_info';
GO

EXEC sys.sp_addextendedproperty
    @name=N'MS_Description',
    @value=N'комментарий',
    @level0type=N'SCHEMA', @level0name=N'dbo',
    @level1type=N'TABLE', @level1name=N'bank',
    @level2type=N'COLUMN', @level2name=N'dsc';
GO

EXEC sys.sp_addextendedproperty
    @name=N'MS_Description',
    @value=N'телефон банка',
    @level0type=N'SCHEMA', @level0name=N'dbo',
    @level1type=N'TABLE', @level1name=N'bank',
    @level2type=N'COLUMN', @level2name=N'bank_phone';
GO

EXEC sys.sp_addextendedproperty
    @name=N'MS_Description',
    @value=N'адрес банка',
    @level0type=N'SCHEMA', @level0name=N'dbo',
    @level1type=N'TABLE', @level1name=N'bank',
    @level2type=N'COLUMN', @level2name=N'bank_address';
GO

EXEC sys.sp_addextendedproperty
    @name=N'MS_Description',
    @value=N'ИНН контрагента',
    @level0type=N'SCHEMA', @level0name=N'dbo',
    @level1type=N'TABLE', @level1name=N'bank',
    @level2type=N'COLUMN', @level2name=N'INN';
GO

EXEC sys.sp_addextendedproperty
    @name=N'MS_Description',
    @value=N'ОГРН контрагента',
    @level0type=N'SCHEMA', @level0name=N'dbo',
    @level1type=N'TABLE', @level1name=N'bank',
    @level2type=N'COLUMN', @level2name=N'OGRN';
GO

EXEC sys.sp_addextendedproperty
    @name=N'MS_Description',
    @value=N'Почтовый адрес контрагента',
    @level0type=N'SCHEMA', @level0name=N'dbo',
    @level1type=N'TABLE', @level1name=N'bank',
    @level2type=N'COLUMN', @level2name=N'POST_ADDRESS';
GO

EXEC sys.sp_addextendedproperty
    @name=N'MS_Description',
    @value=N'Email контрагента',
    @level0type=N'SCHEMA', @level0name=N'dbo',
    @level1type=N'TABLE', @level1name=N'bank',
    @level2type=N'COLUMN', @level2name=N'EMAIL';
GO

EXEC sys.sp_addextendedproperty
    @name=N'MS_Description',
    @value=N'описатель столбцов таблиц',
    @level0type=N'SCHEMA', @level0name=N'dbo',
    @level1type=N'TABLE', @level1name=N'column_spec';
GO

EXEC sys.sp_addextendedproperty
    @name=N'MS_Description',
    @value=N'Уникальный идентификатор',
    @level0type=N'SCHEMA', @level0name=N'dbo',
    @level1type=N'TABLE', @level1name=N'column_spec',
    @level2type=N'COLUMN', @level2name=N'id';
GO

EXEC sys.sp_addextendedproperty
    @name=N'MS_Description',
    @value=N'ссылка на table_spec',
    @level0type=N'SCHEMA', @level0name=N'dbo',
    @level1type=N'TABLE', @level1name=N'column_spec',
    @level2type=N'COLUMN', @level2name=N'parent_id';
GO

EXEC sys.sp_addextendedproperty
    @name=N'MS_Description',
    @value=N'название',
    @level0type=N'SCHEMA', @level0name=N'dbo',
    @level1type=N'TABLE', @level1name=N'column_spec',
    @level2type=N'COLUMN', @level2name=N'name';
GO

EXEC sys.sp_addextendedproperty
    @name=N'MS_Description',
    @value=N'комментарий',
    @level0type=N'SCHEMA', @level0name=N'dbo',
    @level1type=N'TABLE', @level1name=N'column_spec',
    @level2type=N'COLUMN', @level2name=N'dsc';
GO

EXEC sys.sp_addextendedproperty
    @name=N'MS_Description',
    @value=N'информация о долге (кредите)',
    @level0type=N'SCHEMA', @level0name=N'dbo',
    @level1type=N'TABLE', @level1name=N'debt';
GO

EXEC sys.sp_addextendedproperty
    @name=N'MS_Description',
    @value=N'ID долга',
    @level0type=N'SCHEMA', @level0name=N'dbo',
    @level1type=N'TABLE', @level1name=N'debt',
    @level2type=N'COLUMN', @level2name=N'id';
GO

EXEC sys.sp_addextendedproperty
    @name=N'MS_Description',
    @value=N'ссылка на person',
    @level0type=N'SCHEMA', @level0name=N'dbo',
    @level1type=N'TABLE', @level1name=N'debt',
    @level2type=N'COLUMN', @level2name=N'parent_id';
GO

EXEC sys.sp_addextendedproperty
    @name=N'MS_Description',
    @value=N'дата выдачи кредита',
    @level0type=N'SCHEMA', @level0name=N'dbo',
    @level1type=N'TABLE', @level1name=N'debt',
    @level2type=N'COLUMN', @level2name=N'credit_date';
GO

EXEC sys.sp_addextendedproperty
    @name=N'MS_Description',
    @value=N'процентная ставка по кредиту',
    @level0type=N'SCHEMA', @level0name=N'dbo',
    @level1type=N'TABLE', @level1name=N'debt',
    @level2type=N'COLUMN', @level2name=N'interest_rate';
GO

EXEC sys.sp_addextendedproperty
    @name=N'MS_Description',
    @value=N'дата выхода на просрочку',
    @level0type=N'SCHEMA', @level0name=N'dbo',
    @level1type=N'TABLE', @level1name=N'debt',
    @level2type=N'COLUMN', @level2name=N'start_date';
GO

EXEC sys.sp_addextendedproperty
    @name=N'MS_Description',
    @value=N'крайний срок погашения',
    @level0type=N'SCHEMA', @level0name=N'dbo',
    @level1type=N'TABLE', @level1name=N'debt',
    @level2type=N'COLUMN', @level2name=N'deadline';
GO

EXEC sys.sp_addextendedproperty
    @name=N'MS_Description',
    @value=N'cумма необходимая к погашению',
    @level0type=N'SCHEMA', @level0name=N'dbo',
    @level1type=N'TABLE', @level1name=N'debt',
    @level2type=N'COLUMN', @level2name=N'debt_sum';
GO

EXEC sys.sp_addextendedproperty
    @name=N'MS_Description',
    @value=N'полный размер кредита',
    @level0type=N'SCHEMA', @level0name=N'dbo',
    @level1type=N'TABLE', @level1name=N'debt',
    @level2type=N'COLUMN', @level2name=N'total_sum';
GO

EXEC sys.sp_addextendedproperty
    @name=N'MS_Description',
    @value=N'статус (из словаря №6)',
    @level0type=N'SCHEMA', @level0name=N'dbo',
    @level1type=N'TABLE', @level1name=N'debt',
    @level2type=N'COLUMN', @level2name=N'status';
GO

EXEC sys.sp_addextendedproperty
    @name=N'MS_Description',
    @value=N'комментарий',
    @level0type=N'SCHEMA', @level0name=N'dbo',
    @level1type=N'TABLE', @level1name=N'debt',
    @level2type=N'COLUMN', @level2name=N'dsc';
GO

EXEC sys.sp_addextendedproperty
    @name=N'MS_Description',
    @value=N'номер договора с банком',
    @level0type=N'SCHEMA', @level0name=N'dbo',
    @level1type=N'TABLE', @level1name=N'debt',
    @level2type=N'COLUMN', @level2name=N'contract';
GO

EXEC sys.sp_addextendedproperty
    @name=N'MS_Description',
    @value=N'лицевой счет должника',
    @level0type=N'SCHEMA', @level0name=N'dbo',
    @level1type=N'TABLE', @level1name=N'debt',
    @level2type=N'COLUMN', @level2name=N'account';
GO

EXEC sys.sp_addextendedproperty
    @name=N'MS_Description',
    @value=N'ID банка, который выдал кредит',
    @level0type=N'SCHEMA', @level0name=N'dbo',
    @level1type=N'TABLE', @level1name=N'debt',
    @level2type=N'COLUMN', @level2name=N'bank_id';
GO

EXEC sys.sp_addextendedproperty
    @name=N'MS_Description',
    @value=N'словарные термины',
    @level0type=N'SCHEMA', @level0name=N'dbo',
    @level1type=N'TABLE', @level1name=N'dict';
GO

EXEC sys.sp_addextendedproperty
    @name=N'MS_Description',
    @value=N'Уникальный идентификатор',
    @level0type=N'SCHEMA', @level0name=N'dbo',
    @level1type=N'TABLE', @level1name=N'dict',
    @level2type=N'COLUMN', @level2name=N'id';
GO

EXEC sys.sp_addextendedproperty
    @name=N'MS_Description',
    @value=N'ссылка на code описателя словаря (dict_name)',
    @level0type=N'SCHEMA', @level0name=N'dbo',
    @level1type=N'TABLE', @level1name=N'dict',
    @level2type=N'COLUMN', @level2name=N'parent_id';
GO

EXEC sys.sp_addextendedproperty
    @name=N'MS_Description',
    @value=N'код-значение термина',
    @level0type=N'SCHEMA', @level0name=N'dbo',
    @level1type=N'TABLE', @level1name=N'dict',
    @level2type=N'COLUMN', @level2name=N'code';
GO

EXEC sys.sp_addextendedproperty
    @name=N'MS_Description',
    @value=N'Название',
    @level0type=N'SCHEMA', @level0name=N'dbo',
    @level1type=N'TABLE', @level1name=N'dict',
    @level2type=N'COLUMN', @level2name=N'name';
GO

EXEC sys.sp_addextendedproperty
    @name=N'MS_Description',
    @value=N'1 - системный, 2 - общий',
    @level0type=N'SCHEMA', @level0name=N'dbo',
    @level1type=N'TABLE', @level1name=N'dict',
    @level2type=N'COLUMN', @level2name=N'typ';
GO

EXEC sys.sp_addextendedproperty
    @name=N'MS_Description',
    @value=N'дата изменения записи',
    @level0type=N'SCHEMA', @level0name=N'dbo',
    @level1type=N'TABLE', @level1name=N'dict',
    @level2type=N'COLUMN', @level2name=N'change_dt';
GO

EXEC sys.sp_addextendedproperty
    @name=N'MS_Description',
    @value=N'Признак использования термина 0 - используется, 1- не используется',
    @level0type=N'SCHEMA', @level0name=N'dbo',
    @level1type=N'TABLE', @level1name=N'dict',
    @level2type=N'COLUMN', @level2name=N'is_close';
GO

EXEC sys.sp_addextendedproperty
    @name=N'MS_Description',
    @value=N'язык (словарь 78)',
    @level0type=N'SCHEMA', @level0name=N'dbo',
    @level1type=N'TABLE', @level1name=N'dict',
    @level2type=N'COLUMN', @level2name=N'LANG';
GO

EXEC sys.sp_addextendedproperty
    @name=N'MS_Description',
    @value=N'описатель словаря',
    @level0type=N'SCHEMA', @level0name=N'dbo',
    @level1type=N'TABLE', @level1name=N'dict_name';
GO

EXEC sys.sp_addextendedproperty
    @name=N'MS_Description',
    @value=N'Уникальный идентификатор',
    @level0type=N'SCHEMA', @level0name=N'dbo',
    @level1type=N'TABLE', @level1name=N'dict_name',
    @level2type=N'COLUMN', @level2name=N'id';
GO

EXEC sys.sp_addextendedproperty
    @name=N'MS_Description',
    @value=N'номер словаря',
    @level0type=N'SCHEMA', @level0name=N'dbo',
    @level1type=N'TABLE', @level1name=N'dict_name',
    @level2type=N'COLUMN', @level2name=N'code';
GO

EXEC sys.sp_addextendedproperty
    @name=N'MS_Description',
    @value=N'название',
    @level0type=N'SCHEMA', @level0name=N'dbo',
    @level1type=N'TABLE', @level1name=N'dict_name',
    @level2type=N'COLUMN', @level2name=N'name';
GO

EXEC sys.sp_addextendedproperty
    @name=N'MS_Description',
    @value=N'1 - системный, 2 - общий',
    @level0type=N'SCHEMA', @level0name=N'dbo',
    @level1type=N'TABLE', @level1name=N'dict_name',
    @level2type=N'COLUMN', @level2name=N'typ';
GO

EXEC sys.sp_addextendedproperty
    @name=N'MS_Description',
    @value=N'признак отсутствия использования словаря у Клиента. 1 – словарь не используется. Иначе – используется',
    @level0type=N'SCHEMA', @level0name=N'dbo',
    @level1type=N'TABLE', @level1name=N'dict_name',
    @level2type=N'COLUMN', @level2name=N'NOT_USE';
GO

EXEC sys.sp_addextendedproperty
    @name=N'MS_Description',
    @value=N'Ссылка на документ (Документ находится на файловом сервере компании)',
    @level0type=N'SCHEMA', @level0name=N'dbo',
    @level1type=N'TABLE', @level1name=N'doc_links';
GO

EXEC sys.sp_addextendedproperty
    @name=N'MS_Description',
    @value=N'Уникальный идентификатор',
    @level0type=N'SCHEMA', @level0name=N'dbo',
    @level1type=N'TABLE', @level1name=N'doc_links',
    @level2type=N'COLUMN', @level2name=N'id';
GO

EXEC sys.sp_addextendedproperty
    @name=N'MS_Description',
    @value=N'Ссылка code table_spec',
    @level0type=N'SCHEMA', @level0name=N'dbo',
    @level1type=N'TABLE', @level1name=N'doc_links',
    @level2type=N'COLUMN', @level2name=N'obj_id';
GO

EXEC sys.sp_addextendedproperty
    @name=N'MS_Description',
    @value=N'Ссылка на id запись из таблицы по obj_id',
    @level0type=N'SCHEMA', @level0name=N'dbo',
    @level1type=N'TABLE', @level1name=N'doc_links',
    @level2type=N'COLUMN', @level2name=N'r_id';
GO

EXEC sys.sp_addextendedproperty
    @name=N'MS_Description',
    @value=N'Имя документа',
    @level0type=N'SCHEMA', @level0name=N'dbo',
    @level1type=N'TABLE', @level1name=N'doc_links',
    @level2type=N'COLUMN', @level2name=N'filename';
GO

EXEC sys.sp_addextendedproperty
    @name=N'MS_Description',
    @value=N'путь к документу на диске',
    @level0type=N'SCHEMA', @level0name=N'dbo',
    @level1type=N'TABLE', @level1name=N'doc_links',
    @level2type=N'COLUMN', @level2name=N'filepath';
GO

EXEC sys.sp_addextendedproperty
    @name=N'MS_Description',
    @value=N'Словарь №99',
    @level0type=N'SCHEMA', @level0name=N'dbo',
    @level1type=N'TABLE', @level1name=N'doc_links',
    @level2type=N'COLUMN', @level2name=N'link_typ';
GO

EXEC sys.sp_addextendedproperty
    @name=N'MS_Description',
    @value=N'Ссылка на users',
    @level0type=N'SCHEMA', @level0name=N'dbo',
    @level1type=N'TABLE', @level1name=N'doc_links',
    @level2type=N'COLUMN', @level2name=N'r_user_id';
GO

EXEC sys.sp_addextendedproperty
    @name=N'MS_Description',
    @value=N'Дата',
    @level0type=N'SCHEMA', @level0name=N'dbo',
    @level1type=N'TABLE', @level1name=N'doc_links',
    @level2type=N'COLUMN', @level2name=N'dt';
GO

EXEC sys.sp_addextendedproperty
    @name=N'MS_Description',
    @value=N'дата последнего изменения',
    @level0type=N'SCHEMA', @level0name=N'dbo',
    @level1type=N'TABLE', @level1name=N'doc_links',
    @level2type=N'COLUMN', @level2name=N'CHANGE_DT';
GO

EXEC sys.sp_addextendedproperty
    @name=N'MS_Description',
    @value=N'Пользователь, загрузивший документ',
    @level0type=N'SCHEMA', @level0name=N'dbo',
    @level1type=N'TABLE', @level1name=N'doc_links',
    @level2type=N'COLUMN', @level2name=N'R_CREATE_USER_ID';
GO

EXEC sys.sp_addextendedproperty
    @name=N'MS_Description',
    @value=N'Актуальность (1 - актуально, 0 – неактуально)',
    @level0type=N'SCHEMA', @level0name=N'dbo',
    @level1type=N'TABLE', @level1name=N'doc_links',
    @level2type=N'COLUMN', @level2name=N'ACTUALITY';
GO

EXEC sys.sp_addextendedproperty
    @name=N'MS_Description',
    @value=N'Информация о паспорте',
    @level0type=N'SCHEMA', @level0name=N'dbo',
    @level1type=N'TABLE', @level1name=N'passport';
GO

EXEC sys.sp_addextendedproperty
    @name=N'MS_Description',
    @value=N'Уникальный идентификатор',
    @level0type=N'SCHEMA', @level0name=N'dbo',
    @level1type=N'TABLE', @level1name=N'passport',
    @level2type=N'COLUMN', @level2name=N'id';
GO

EXEC sys.sp_addextendedproperty
    @name=N'MS_Description',
    @value=N'Серия',
    @level0type=N'SCHEMA', @level0name=N'dbo',
    @level1type=N'TABLE', @level1name=N'passport',
    @level2type=N'COLUMN', @level2name=N'series';
GO

EXEC sys.sp_addextendedproperty
    @name=N'MS_Description',
    @value=N'Номер',
    @level0type=N'SCHEMA', @level0name=N'dbo',
    @level1type=N'TABLE', @level1name=N'passport',
    @level2type=N'COLUMN', @level2name=N'number';
GO

EXEC sys.sp_addextendedproperty
    @name=N'MS_Description',
    @value=N'Дата выдачи',
    @level0type=N'SCHEMA', @level0name=N'dbo',
    @level1type=N'TABLE', @level1name=N'passport',
    @level2type=N'COLUMN', @level2name=N'dt';
GO

EXEC sys.sp_addextendedproperty
    @name=N'MS_Description',
    @value=N'Кем выдано',
    @level0type=N'SCHEMA', @level0name=N'dbo',
    @level1type=N'TABLE', @level1name=N'passport',
    @level2type=N'COLUMN', @level2name=N'place';
GO

EXEC sys.sp_addextendedproperty
    @name=N'MS_Description',
    @value=N'Дата загрузки',
    @level0type=N'SCHEMA', @level0name=N'dbo',
    @level1type=N'TABLE', @level1name=N'passport',
    @level2type=N'COLUMN', @level2name=N'load_dt';
GO

EXEC sys.sp_addextendedproperty
    @name=N'MS_Description',
    @value=N'Дата, до которой действут уд.личности (для Казахстана)',
    @level0type=N'SCHEMA', @level0name=N'dbo',
    @level1type=N'TABLE', @level1name=N'passport',
    @level2type=N'COLUMN', @level2name=N'end_dt';
GO

EXEC sys.sp_addextendedproperty
    @name=N'MS_Description',
    @value=N'Код подразделения',
    @level0type=N'SCHEMA', @level0name=N'dbo',
    @level1type=N'TABLE', @level1name=N'passport',
    @level2type=N'COLUMN', @level2name=N'depart_code';
GO

EXEC sys.sp_addextendedproperty
    @name=N'MS_Description',
    @value=N'Информация о персоне',
    @level0type=N'SCHEMA', @level0name=N'dbo',
    @level1type=N'TABLE', @level1name=N'person';
GO

EXEC sys.sp_addextendedproperty
    @name=N'MS_Description',
    @value=N'Уникальный идентификатор',
    @level0type=N'SCHEMA', @level0name=N'dbo',
    @level1type=N'TABLE', @level1name=N'person',
    @level2type=N'COLUMN', @level2name=N'id';
GO

EXEC sys.sp_addextendedproperty
    @name=N'MS_Description',
    @value=N'фамилия',
    @level0type=N'SCHEMA', @level0name=N'dbo',
    @level1type=N'TABLE', @level1name=N'person',
    @level2type=N'COLUMN', @level2name=N'f';
GO

EXEC sys.sp_addextendedproperty
    @name=N'MS_Description',
    @value=N'имя',
    @level0type=N'SCHEMA', @level0name=N'dbo',
    @level1type=N'TABLE', @level1name=N'person',
    @level2type=N'COLUMN', @level2name=N'i';
GO

EXEC sys.sp_addextendedproperty
    @name=N'MS_Description',
    @value=N'отчество',
    @level0type=N'SCHEMA', @level0name=N'dbo',
    @level1type=N'TABLE', @level1name=N'person',
    @level2type=N'COLUMN', @level2name=N'o';
GO

EXEC sys.sp_addextendedproperty
    @name=N'MS_Description',
    @value=N'дата рождения',
    @level0type=N'SCHEMA', @level0name=N'dbo',
    @level1type=N'TABLE', @level1name=N'person',
    @level2type=N'COLUMN', @level2name=N'birth_date';
GO

EXEC sys.sp_addextendedproperty
    @name=N'MS_Description',
    @value=N'важность персоны',
    @level0type=N'SCHEMA', @level0name=N'dbo',
    @level1type=N'TABLE', @level1name=N'person',
    @level2type=N'COLUMN', @level2name=N'importance';
GO

EXEC sys.sp_addextendedproperty
    @name=N'MS_Description',
    @value=N'ссылка на паспорт',
    @level0type=N'SCHEMA', @level0name=N'dbo',
    @level1type=N'TABLE', @level1name=N'person',
    @level2type=N'COLUMN', @level2name=N'r_passport_id';
GO

EXEC sys.sp_addextendedproperty
    @name=N'MS_Description',
    @value=N'комментарий',
    @level0type=N'SCHEMA', @level0name=N'dbo',
    @level1type=N'TABLE', @level1name=N'person',
    @level2type=N'COLUMN', @level2name=N'dsc';
GO

EXEC sys.sp_addextendedproperty
    @name=N'MS_Description',
    @value=N'пол',
    @level0type=N'SCHEMA', @level0name=N'dbo',
    @level1type=N'TABLE', @level1name=N'person',
    @level2type=N'COLUMN', @level2name=N'sex';
GO

EXEC sys.sp_addextendedproperty
    @name=N'MS_Description',
    @value=N'email',
    @level0type=N'SCHEMA', @level0name=N'dbo',
    @level1type=N'TABLE', @level1name=N'person',
    @level2type=N'COLUMN', @level2name=N'email';
GO

EXEC sys.sp_addextendedproperty
    @name=N'MS_Description',
    @value=N'тип (1 - физ.лицо, 2 - ИП)',
    @level0type=N'SCHEMA', @level0name=N'dbo',
    @level1type=N'TABLE', @level1name=N'person',
    @level2type=N'COLUMN', @level2name=N'typ';
GO

EXEC sys.sp_addextendedproperty
    @name=N'MS_Description',
    @value=N'ИНН',
    @level0type=N'SCHEMA', @level0name=N'dbo',
    @level1type=N'TABLE', @level1name=N'person',
    @level2type=N'COLUMN', @level2name=N'inn';
GO

EXEC sys.sp_addextendedproperty
    @name=N'MS_Description',
    @value=N'ОГРН',
    @level0type=N'SCHEMA', @level0name=N'dbo',
    @level1type=N'TABLE', @level1name=N'person',
    @level2type=N'COLUMN', @level2name=N'ogrn';
GO

EXEC sys.sp_addextendedproperty
    @name=N'MS_Description',
    @value=N'Дата загрузки',
    @level0type=N'SCHEMA', @level0name=N'dbo',
    @level1type=N'TABLE', @level1name=N'person',
    @level2type=N'COLUMN', @level2name=N'load_dt';
GO

EXEC sys.sp_addextendedproperty
    @name=N'MS_Description',
    @value=N'место рождения',
    @level0type=N'SCHEMA', @level0name=N'dbo',
    @level1type=N'TABLE', @level1name=N'person',
    @level2type=N'COLUMN', @level2name=N'birth_place';
GO

EXEC sys.sp_addextendedproperty
    @name=N'MS_Description',
    @value=N'СНИЛС',
    @level0type=N'SCHEMA', @level0name=N'dbo',
    @level1type=N'TABLE', @level1name=N'person',
    @level2type=N'COLUMN', @level2name=N'SNILS';
GO

EXEC sys.sp_addextendedproperty
    @name=N'MS_Description',
    @value=N'Дата смерти',
    @level0type=N'SCHEMA', @level0name=N'dbo',
    @level1type=N'TABLE', @level1name=N'person',
    @level2type=N'COLUMN', @level2name=N'DEATH_DT';
GO

EXEC sys.sp_addextendedproperty
    @name=N'MS_Description',
    @value=N'Описатель таблиц',
    @level0type=N'SCHEMA', @level0name=N'dbo',
    @level1type=N'TABLE', @level1name=N'table_spec';
GO

EXEC sys.sp_addextendedproperty
    @name=N'MS_Description',
    @value=N'Идентификатор',
    @level0type=N'SCHEMA', @level0name=N'dbo',
    @level1type=N'TABLE', @level1name=N'table_spec',
    @level2type=N'COLUMN', @level2name=N'id';
GO

EXEC sys.sp_addextendedproperty
    @name=N'MS_Description',
    @value=N'название',
    @level0type=N'SCHEMA', @level0name=N'dbo',
    @level1type=N'TABLE', @level1name=N'table_spec',
    @level2type=N'COLUMN', @level2name=N'name';
GO

EXEC sys.sp_addextendedproperty
    @name=N'MS_Description',
    @value=N'комментарий',
    @level0type=N'SCHEMA', @level0name=N'dbo',
    @level1type=N'TABLE', @level1name=N'table_spec',
    @level2type=N'COLUMN', @level2name=N'dsc';
GO

USE [master];
GO

IF NOT EXISTS (SELECT 1 FROM sys.server_principals WHERE name = N'agent_reader')
BEGIN
    CREATE LOGIN [agent_reader] WITH PASSWORD = N'Agent_ReadOnly_123!', CHECK_POLICY = OFF;
END;
GO

USE [db_proglib];
GO

IF NOT EXISTS (SELECT 1 FROM sys.database_principals WHERE name = N'agent_reader')
BEGIN
    CREATE USER [agent_reader] FOR LOGIN [agent_reader];
END;
GO

ALTER ROLE [db_datareader] ADD MEMBER [agent_reader];
ALTER ROLE [db_denydatawriter] ADD MEMBER [agent_reader];
GRANT VIEW DEFINITION TO [agent_reader];
GO

PRINT N'Row counts';
SELECT N'bank' AS [table_name], COUNT_BIG(*) AS [row_count] FROM [dbo].[bank];
SELECT N'column_spec' AS [table_name], COUNT_BIG(*) AS [row_count] FROM [dbo].[column_spec];
SELECT N'debt' AS [table_name], COUNT_BIG(*) AS [row_count] FROM [dbo].[debt];
SELECT N'dict' AS [table_name], COUNT_BIG(*) AS [row_count] FROM [dbo].[dict];
SELECT N'dict_name' AS [table_name], COUNT_BIG(*) AS [row_count] FROM [dbo].[dict_name];
SELECT N'doc_links' AS [table_name], COUNT_BIG(*) AS [row_count] FROM [dbo].[doc_links];
SELECT N'passport' AS [table_name], COUNT_BIG(*) AS [row_count] FROM [dbo].[passport];
SELECT N'person' AS [table_name], COUNT_BIG(*) AS [row_count] FROM [dbo].[person];
SELECT N'table_spec' AS [table_name], COUNT_BIG(*) AS [row_count] FROM [dbo].[table_spec];
GO

PRINT N'Demo database db_proglib created successfully.';
GO
